date,sectors
2008-03-28,"THEME|Gold & Precious Metals Miners, THEME|Medical Devices, THEME|Food & Beverage"
2008-04-04,"THEME|Medical Devices, THEME|Food & Beverage, THEME|Gold & Precious Metals Miners"
2008-04-11,"THEME|Medical Devices, THEME|Food & Beverage, THEME|Gold & Precious Metals Miners"
2008-04-18,"THEME|Gold & Precious Metals Miners, THEME|Food & Beverage, THEME|Medical Devices"
2008-04-25,"THEME|Energy Producers, THEME|Food & Beverage, THEME|Medical Devices"
2008-05-02,"THEME|Energy Producers, THEME|Food & Beverage, THEME|Medical Devices"
2008-05-09,"THEME|Energy Producers, THEME|Medical Devices, THEME|Food & Beverage"
2008-05-16,"THEME|Energy Producers, THEME|Medical Devices, THEME|Food & Beverage"
2008-05-23,"THEME|Energy Producers, THEME|Medical Devices, THEME|Food & Beverage"
2008-05-30,"THEME|Energy Producers, THEME|Medical Devices, THEME|Food & Beverage"
2008-06-06,"THEME|Energy Producers, THEME|Medical Devices, THEME|Food & Beverage"
2008-06-13,"THEME|Energy Producers, THEME|Medical Devices, THEME|Food & Beverage"
2008-06-20,"THEME|Energy Producers, THEME|Medical Devices, THEME|Food & Beverage"
2008-06-27,"THEME|Energy Producers, THEME|Medical Devices, THEME|Food & Beverage"
2008-07-03,"THEME|Energy Producers, THEME|Medical Devices, THEME|Food & Beverage"
2008-07-11,"THEME|Medical Devices, THEME|Food & Beverage, THEME|Energy Producers"
2008-07-18,"THEME|Biotech, THEME|Medical Devices, THEME|Food & Beverage"
2008-07-25,"THEME|Biotech, THEME|Medical Devices, THEME|Food & Beverage"
2008-08-01,"THEME|Biotech, THEME|Medical Devices, THEME|Food & Beverage"
2008-08-08,"THEME|Biotech, THEME|Medical Devices, THEME|Food & Beverage"
2008-08-15,"THEME|Biotech, THEME|Medical Devices, THEME|Food & Beverage"
2008-08-22,"THEME|Medical Devices, THEME|Biotech, THEME|Food & Beverage"
2008-08-29,"THEME|Medical Devices, THEME|Food & Beverage, THEME|Biotech"
2008-09-05,"THEME|Medical Devices, THEME|Food & Beverage, THEME|Biotech"
2008-09-12,"THEME|Medical Devices, THEME|Food & Beverage, THEME|Biotech"
2008-09-19,"THEME|Food & Beverage, THEME|Medical Devices, THEME|Biotech"
2008-09-26,"THEME|Food & Beverage, THEME|Biotech, THEME|Medical Devices"
2008-10-03,"THEME|Biotech, THEME|Food & Beverage, THEME|Medical Devices"
2008-10-10,"THEME|Food & Beverage, THEME|Biotech, THEME|Medical Devices"
2008-10-17,"THEME|Biotech, THEME|Food & Beverage, THEME|Medical Devices"
2008-10-24,"THEME|Biotech, THEME|Food & Beverage, THEME|Medical Devices"
2008-10-31,"THEME|Biotech, THEME|Food & Beverage, THEME|Medical Devices"
2008-11-07,"THEME|Biotech, THEME|Food & Beverage, THEME|Medical Devices"
2008-11-14,"THEME|Biotech, THEME|Food & Beverage, THEME|Medical Devices"
2008-11-21,"THEME|Biotech, THEME|Food & Beverage, THEME|Medical Devices"
2008-11-28,"THEME|Food & Beverage, THEME|Biotech, THEME|Medical Devices"
2008-12-05,"THEME|Food & Beverage, THEME|Biotech, THEME|Medical Devices"
2008-12-12,"THEME|Gold & Precious Metals Miners, THEME|Biotech, THEME|Food & Beverage"
2008-12-19,"THEME|Gold & Precious Metals Miners, THEME|Biotech, THEME|Food & Beverage"
2008-12-26,"THEME|Gold & Precious Metals Miners, THEME|Biotech, THEME|Food & Beverage"
2009-01-02,"THEME|Gold & Precious Metals Miners, THEME|Biotech, THEME|Food & Beverage"
2009-01-09,"THEME|Gold & Precious Metals Miners, THEME|Biotech, THEME|Food & Beverage"
2009-01-16,"THEME|Biotech, THEME|Gold & Precious Metals Miners, THEME|Food & Beverage"
2009-01-23,"THEME|Gold & Precious Metals Miners, THEME|Biotech, THEME|Food & Beverage"
2009-01-30,"THEME|Gold & Precious Metals Miners, THEME|Biotech, THEME|Food & Beverage"
2009-02-06,"THEME|Gold & Precious Metals Miners, THEME|Biotech, THEME|Food & Beverage"
2009-02-13,"THEME|Biotech, THEME|Gold & Precious Metals Miners, THEME|Food & Beverage"
2009-02-20,"THEME|Gold & Precious Metals Miners, THEME|Biotech, THEME|Food & Beverage"
2009-02-27,"THEME|Gold & Precious Metals Miners, THEME|Food & Beverage, THEME|Biotech"
2009-03-06,"THEME|Gold & Precious Metals Miners, THEME|Food & Beverage, THEME|Biotech"
2009-03-13,"THEME|Gold & Precious Metals Miners, THEME|Food & Beverage, THEME|Biotech"
2009-03-20,"THEME|Gold & Precious Metals Miners, THEME|Biotech, THEME|Food & Beverage"
2009-03-27,"THEME|Gold & Precious Metals Miners, THEME|Food & Beverage, THEME|Biotech"
2009-04-03,"THEME|Gold & Precious Metals Miners, THEME|Semiconductors, THEME|Food & Beverage"
2009-04-09,"THEME|Semiconductors, THEME|Food & Beverage, THEME|Gold & Precious Metals Miners"
2009-04-17,"THEME|Semiconductors, THEME|Insurance, THEME|Food & Beverage"
2009-04-24,"THEME|Semiconductors, THEME|Insurance, THEME|Food & Beverage"
2009-05-01,"THEME|Food & Beverage, THEME|Semiconductors, THEME|Insurance"
2009-05-08,"THEME|Clean Energy, THEME|Insurance, THEME|Food & Beverage"
2009-05-15,"THEME|Clean Energy, THEME|Insurance, THEME|Food & Beverage"
2009-05-22,"THEME|Clean Energy, THEME|Insurance, THEME|Food & Beverage"
2009-05-29,"THEME|Clean Energy, THEME|Insurance, THEME|Food & Beverage"
2009-06-05,"THEME|Gold & Precious Metals Miners, THEME|Clean Energy, THEME|Insurance"
2009-06-12,"THEME|Clean Energy, THEME|Semiconductors, THEME|Insurance"
2009-06-19,"THEME|Semiconductors, THEME|Healthcare Providers, THEME|Clean Energy"
2009-06-26,"THEME|Healthcare Providers, THEME|Semiconductors, THEME|Clean Energy"
2009-07-02,"THEME|Healthcare Providers, THEME|Semiconductors, THEME|Clean Energy"
2009-07-10,"THEME|Healthcare Providers, THEME|Semiconductors, THEME|Clean Energy"
2009-07-17,"THEME|Semiconductors, THEME|Healthcare Providers, THEME|Food & Beverage"
2009-07-24,"THEME|Semiconductors, THEME|Insurance, THEME|Healthcare Providers"
2009-07-31,"THEME|Semiconductors, THEME|Insurance, THEME|Healthcare Providers"
2009-08-07,"THEME|Insurance, THEME|Semiconductors, THEME|Healthcare Providers"
2009-08-14,"THEME|Insurance, THEME|Semiconductors, THEME|Healthcare Providers"
2009-08-21,"THEME|Insurance, THEME|Healthcare Providers, THEME|Semiconductors"
2009-08-28,"THEME|Insurance, THEME|Semiconductors, THEME|Healthcare Providers"
2009-09-04,"THEME|Insurance, THEME|Semiconductors, THEME|Healthcare Providers"
2009-09-11,"THEME|Semiconductors, THEME|Insurance, THEME|Healthcare Providers"
2009-09-18,"THEME|Insurance, THEME|Semiconductors, THEME|Healthcare Providers"
2009-09-25,"THEME|Insurance, THEME|Semiconductors, THEME|Healthcare Providers"
2009-10-02,"THEME|Insurance, THEME|Semiconductors, THEME|Healthcare Providers"
2009-10-09,"THEME|Insurance, THEME|Semiconductors, THEME|Healthcare Providers"
2009-10-16,"THEME|Insurance, THEME|Semiconductors, THEME|Healthcare Providers"
2009-10-23,"THEME|Insurance, THEME|Healthcare Providers, THEME|Semiconductors"
2009-10-30,"THEME|Healthcare Providers, THEME|Insurance, THEME|Semiconductors"
2009-11-06,"THEME|Healthcare Providers, THEME|Insurance, THEME|Semiconductors"
2009-11-13,"THEME|Healthcare Providers, THEME|Semiconductors, THEME|Insurance"
2009-11-20,"THEME|Healthcare Providers, THEME|Semiconductors, THEME|Insurance"
2009-11-27,"THEME|Healthcare Providers, THEME|Insurance, THEME|Semiconductors"
2009-12-04,"THEME|Semiconductors, THEME|Healthcare Providers, THEME|Insurance"
2009-12-11,"THEME|Semiconductors, THEME|Healthcare Providers, THEME|Insurance"
2009-12-18,"THEME|Healthcare Providers, THEME|Semiconductors, THEME|Insurance"
2009-12-24,"THEME|Healthcare Providers, THEME|Semiconductors, THEME|Insurance"
2009-12-31,"THEME|Semiconductors, THEME|Healthcare Providers, THEME|Insurance"
2010-01-08,"THEME|Biotech, THEME|Semiconductors, THEME|Healthcare Providers"
2010-01-15,"THEME|Defense, THEME|Biotech, THEME|Healthcare Providers"
2010-01-22,"THEME|Biotech, THEME|Healthcare Providers, THEME|Defense"
2010-01-29,"THEME|Biotech, THEME|Defense, THEME|Healthcare Providers"
2010-02-05,"THEME|Biotech, THEME|Defense, THEME|Healthcare Providers"
2010-02-12,"THEME|Biotech, THEME|Defense, THEME|Healthcare Providers"
2010-02-19,"THEME|Biotech, THEME|Defense, THEME|Healthcare Providers"
2010-02-26,"THEME|Defense, THEME|Healthcare Providers, THEME|Biotech"
2010-03-05,"THEME|Defense, THEME|Biotech, THEME|Healthcare Providers"
2010-03-12,"THEME|Biotech, THEME|Defense, THEME|Healthcare Providers"
2010-03-19,"THEME|Biotech, THEME|Healthcare Providers, THEME|Defense"
2010-03-26,"THEME|Healthcare Providers, THEME|Defense, THEME|Biotech"
2010-04-01,"THEME|Defense, THEME|Healthcare Providers, THEME|Biotech"
2010-04-09,"THEME|Defense, THEME|Healthcare Providers, THEME|Biotech"
2010-04-16,"THEME|Semiconductors, THEME|Defense, THEME|Biotech"
2010-04-23,"THEME|Semiconductors, THEME|Insurance, THEME|Defense"
2010-04-30,"THEME|Defense, THEME|Insurance, THEME|Semiconductors"
2010-05-07,"THEME|Defense, THEME|Insurance, THEME|Semiconductors"
2010-05-14,"THEME|Defense, THEME|Insurance, THEME|Semiconductors"
2010-05-21,"THEME|Semiconductors, THEME|Defense, THEME|Insurance"
2010-05-28,"THEME|Semiconductors, THEME|Insurance, THEME|Defense"
2010-06-04,"THEME|Semiconductors, THEME|Insurance, THEME|Defense"
2010-06-11,"THEME|Gold & Precious Metals Miners, THEME|Insurance, THEME|Defense"
2010-06-18,"THEME|Gold & Precious Metals Miners, THEME|Insurance, THEME|Defense"
2010-06-25,"THEME|Gold & Precious Metals Miners, THEME|Defense, THEME|Insurance"
2010-07-02,"THEME|Gold & Precious Metals Miners, THEME|Insurance, THEME|Defense"
2010-07-09,"THEME|Food & Beverage, THEME|Insurance, THEME|Gold & Precious Metals Miners"
2010-07-16,"THEME|Food & Beverage, THEME|Clean Energy, THEME|Insurance"
2010-07-23,"THEME|Food & Beverage, THEME|Clean Energy, THEME|Insurance"
2010-07-30,"THEME|Food & Beverage, THEME|Insurance, THEME|Clean Energy"
2010-08-06,"THEME|Insurance, THEME|Food & Beverage, THEME|Clean Energy"
2010-08-13,"THEME|Food & Beverage, THEME|Insurance, THEME|Clean Energy"
2010-08-20,"THEME|Food & Beverage, THEME|Insurance, THEME|Clean Energy"
2010-08-27,"THEME|Food & Beverage, THEME|Insurance, THEME|Clean Energy"
2010-09-03,"THEME|Food & Beverage, THEME|Insurance, THEME|Clean Energy"
2010-09-10,"THEME|Food & Beverage, THEME|Insurance, THEME|Clean Energy"
2010-09-17,"THEME|Food & Beverage, THEME|Insurance, THEME|Clean Energy"
2010-09-24,"THEME|Gold & Precious Metals Miners, THEME|Lithium & Battery, THEME|Biotech"
2010-10-01,"THEME|Gold & Precious Metals Miners, THEME|Lithium & Battery, THEME|Biotech"
2010-10-08,"THEME|Gold & Precious Metals Miners, THEME|Biotech, THEME|Lithium & Battery"
2010-10-15,"THEME|Lithium & Battery, THEME|Gold & Precious Metals Miners, THEME|Biotech"
2010-10-22,"THEME|Lithium & Battery, THEME|Food & Beverage, THEME|Biotech"
2010-10-29,"THEME|Lithium & Battery, THEME|Semiconductors, THEME|Food & Beverage"
2010-11-05,"THEME|Semiconductors, THEME|Lithium & Battery, THEME|Food & Beverage"
2010-11-12,"THEME|Semiconductors, THEME|Lithium & Battery, THEME|Food & Beverage"
2010-11-19,"THEME|Semiconductors, THEME|Food & Beverage, THEME|Lithium & Battery"
2010-11-26,"THEME|Semiconductors, THEME|Food & Beverage, THEME|Lithium & Battery"
2010-12-03,"THEME|Semiconductors, THEME|Lithium & Battery, THEME|Food & Beverage"
2010-12-10,"THEME|Semiconductors, THEME|Lithium & Battery, THEME|Food & Beverage"
2010-12-17,"THEME|Lithium & Battery, THEME|Semiconductors, THEME|Food & Beverage"
2010-12-23,"THEME|Lithium & Battery, THEME|Food & Beverage, THEME|Semiconductors"
2010-12-31,"THEME|Lithium & Battery, THEME|Energy Producers, THEME|Semiconductors"
2011-01-07,"THEME|Lithium & Battery, THEME|Energy Producers, THEME|Semiconductors"
2011-01-14,"THEME|Semiconductors, THEME|Energy Producers, THEME|Lithium & Battery"
2011-01-21,"THEME|Semiconductors, THEME|Energy Producers, THEME|Lithium & Battery"
2011-01-28,"THEME|Medical Devices, THEME|Energy Producers, THEME|Semiconductors"
2011-02-04,"THEME|Semiconductors, THEME|Energy Producers, THEME|Medical Devices"
2011-02-11,"THEME|Semiconductors, THEME|Medical Devices, THEME|Energy Producers"
2011-02-18,"THEME|Medical Devices, THEME|Semiconductors, THEME|Energy Producers"
2011-02-25,"THEME|Energy Producers, THEME|Medical Devices, THEME|Semiconductors"
2011-03-04,"THEME|Energy Producers, THEME|Medical Devices, THEME|Semiconductors"
2011-03-11,"THEME|Healthcare Providers, THEME|Energy Producers, THEME|Medical Devices"
2011-03-18,"THEME|Healthcare Providers, THEME|Energy Producers, THEME|Medical Devices"
2011-03-25,"THEME|Energy Producers, THEME|Healthcare Providers, THEME|Medical Devices"
2011-04-01,"THEME|Energy Producers, THEME|Medical Devices, THEME|Healthcare Providers"
2011-04-08,"THEME|Medical Devices, THEME|Energy Producers, THEME|Healthcare Providers"
2011-04-15,"THEME|Medical Devices, THEME|Healthcare Providers, THEME|Energy Producers"
2011-04-21,"THEME|Medical Devices, THEME|Healthcare Providers, THEME|Energy Producers"
2011-04-29,"THEME|Healthcare Providers, THEME|Medical Devices, THEME|Energy Producers"
2011-05-06,"THEME|Healthcare Providers, THEME|Medical Devices, THEME|Food & Beverage"
2011-05-13,"THEME|Healthcare Providers, THEME|Medical Devices, THEME|Food & Beverage"
2011-05-20,"THEME|Healthcare Providers, THEME|Medical Devices, THEME|Food & Beverage"
2011-05-27,"THEME|Medical Devices, THEME|Healthcare Providers, THEME|Food & Beverage"
2011-06-03,"THEME|Healthcare Providers, THEME|Medical Devices, THEME|Food & Beverage"
2011-06-10,"THEME|Healthcare Providers, THEME|Medical Devices, THEME|Food & Beverage"
2011-06-17,"THEME|Healthcare Providers, THEME|Food & Beverage, THEME|Medical Devices"
2011-06-24,"THEME|Food & Beverage, THEME|Healthcare Providers, THEME|Medical Devices"
2011-07-01,"THEME|Food & Beverage, THEME|Healthcare Providers, THEME|Medical Devices"
2011-07-08,"THEME|Medical Devices, THEME|Healthcare Providers, THEME|Food & Beverage"
2011-07-15,"THEME|Food & Beverage, THEME|Medical Devices, THEME|Healthcare Providers"
2011-07-22,"THEME|Food & Beverage, THEME|Medical Devices, THEME|Healthcare Providers"
2011-07-29,"THEME|Gold & Precious Metals Miners, THEME|Food & Beverage, THEME|Medical Devices"
2011-08-05,"THEME|Gold & Precious Metals Miners, THEME|Food & Beverage, THEME|Medical Devices"
2011-08-12,"THEME|Gold & Precious Metals Miners, THEME|Food & Beverage, THEME|Medical Devices"
2011-08-19,"THEME|Gold & Precious Metals Miners, THEME|Food & Beverage, THEME|Medical Devices"
2011-08-26,"THEME|Gold & Precious Metals Miners, THEME|Food & Beverage, THEME|Medical Devices"
2011-09-02,"THEME|Gold & Precious Metals Miners, THEME|Food & Beverage, THEME|Medical Devices"
2011-09-09,"THEME|Gold & Precious Metals Miners, THEME|Food & Beverage, THEME|Medical Devices"
2011-09-16,"THEME|Gold & Precious Metals Miners, THEME|Food & Beverage, THEME|Medical Devices"
2011-09-23,"THEME|Food & Beverage, THEME|Medical Devices, THEME|Gold & Precious Metals Miners"
2011-09-30,"THEME|Defense, THEME|Medical Devices, THEME|Food & Beverage"
2011-10-07,"THEME|Defense, THEME|Food & Beverage, THEME|Medical Devices"
2011-10-14,"THEME|Food & Beverage, THEME|Defense, THEME|Medical Devices"
2011-10-21,"THEME|Energy Producers, THEME|Food & Beverage, THEME|Defense"
2011-10-28,"THEME|Insurance, THEME|Energy Producers, THEME|Defense"
2011-11-04,"THEME|Insurance, THEME|Defense, THEME|Energy Producers"
2011-11-11,"THEME|Defense, THEME|Energy Producers, THEME|Insurance"
2011-11-18,"THEME|Defense, THEME|Energy Producers, THEME|Insurance"
2011-11-25,"THEME|Defense, THEME|Insurance, THEME|Energy Producers"
2011-12-02,"THEME|Defense, THEME|Insurance, THEME|Energy Producers"
2011-12-09,"THEME|Insurance, THEME|Defense, THEME|Energy Producers"
2011-12-16,"THEME|Insurance, THEME|Defense, THEME|Energy Producers"
2011-12-23,"THEME|Defense, THEME|Insurance, THEME|Energy Producers"
2011-12-30,"THEME|Energy Producers, THEME|Defense, THEME|Insurance"
2012-01-06,"THEME|Energy Producers, THEME|Insurance, THEME|Defense"
2012-01-13,"THEME|Defense, THEME|Insurance, THEME|Energy Producers"
2012-01-20,"THEME|Biotech, THEME|Insurance, THEME|Defense"
2012-01-27,"THEME|Biotech, THEME|Defense, THEME|Insurance"
2012-02-03,"THEME|Biotech, THEME|Insurance, THEME|Defense"
2012-02-10,"THEME|Biotech, THEME|Defense, THEME|Insurance"
2012-02-17,"THEME|Insurance, THEME|Defense, THEME|Biotech"
2012-02-24,"THEME|Uranium & Nuclear, THEME|Insurance, THEME|Defense"
2012-03-02,"THEME|Uranium & Nuclear, THEME|Insurance, THEME|Defense"
2012-03-09,"THEME|Healthcare Providers, THEME|Insurance, THEME|Defense"
2012-03-16,"THEME|Insurance, THEME|Defense, THEME|Healthcare Providers"
2012-03-23,"THEME|Insurance, THEME|Defense, THEME|Healthcare Providers"
2012-03-30,"THEME|Healthcare Providers, THEME|Insurance, THEME|Defense"
2012-04-05,"THEME|Healthcare Providers, THEME|Insurance, THEME|Defense"
2012-04-13,"THEME|Healthcare Providers, THEME|Insurance, THEME|Defense"
2012-04-20,"THEME|Healthcare Providers, THEME|Defense, THEME|Insurance"
2012-04-27,"THEME|Insurance, THEME|Defense, THEME|Healthcare Providers"
2012-05-04,"THEME|Biotech, THEME|Insurance, THEME|Defense"
2012-05-11,"THEME|Biotech, THEME|Insurance, THEME|Defense"
2012-05-18,"THEME|Biotech, THEME|Defense, THEME|Insurance"
2012-05-25,"THEME|Biotech, THEME|Defense, THEME|Insurance"
2012-06-01,"THEME|Biotech, THEME|Defense, THEME|Insurance"
2012-06-08,"THEME|Biotech, THEME|Insurance, THEME|Defense"
2012-06-15,"THEME|Biotech, THEME|Insurance, THEME|Defense"
2012-06-22,"THEME|Biotech, THEME|Defense, THEME|Insurance"
2012-06-29,"THEME|Biotech, THEME|Defense, THEME|Insurance"
2012-07-06,"THEME|Biotech, THEME|Defense, THEME|Insurance"
2012-07-13,"THEME|Biotech, THEME|Insurance, THEME|Defense"
2012-07-20,"THEME|Biotech, THEME|Defense, THEME|Insurance"
2012-07-27,"THEME|Biotech, THEME|Defense, THEME|Insurance"
2012-08-03,"THEME|Semiconductors, THEME|Insurance, THEME|Defense"
2012-08-10,"THEME|Semiconductors, THEME|Insurance, THEME|Defense"
2012-08-17,"THEME|Semiconductors, THEME|Insurance, THEME|Defense"
2012-08-24,"THEME|Uranium & Nuclear, THEME|Insurance, THEME|Semiconductors"
2012-08-31,"THEME|Gold & Precious Metals Miners, THEME|Healthcare Providers, THEME|Insurance"
2012-09-07,"THEME|Gold & Precious Metals Miners, THEME|Healthcare Providers, THEME|Insurance"
2012-09-14,"THEME|Gold & Precious Metals Miners, THEME|Energy Producers, THEME|Insurance"
2012-09-21,"THEME|Gold & Precious Metals Miners, THEME|Energy Producers, THEME|Insurance"
2012-09-28,"THEME|Gold & Precious Metals Miners, THEME|Medical Devices, THEME|Insurance"
2012-10-05,"THEME|Gold & Precious Metals Miners, THEME|Medical Devices, THEME|Insurance"
2012-10-12,"THEME|Insurance, THEME|Healthcare Providers, THEME|Gold & Precious Metals Miners"
2012-10-19,"THEME|Insurance, THEME|Healthcare Providers, THEME|Gold & Precious Metals Miners"
2012-10-26,"THEME|Insurance, THEME|Healthcare Providers, THEME|Gold & Precious Metals Miners"
2012-11-02,"THEME|Gold & Precious Metals Miners, THEME|Insurance, THEME|Healthcare Providers"
2012-11-09,"THEME|Gold & Precious Metals Miners, THEME|Healthcare Providers, THEME|Insurance"
2012-11-16,"THEME|Medical Devices, THEME|Insurance, THEME|Healthcare Providers"
2012-11-23,"THEME|Medical Devices, THEME|Insurance, THEME|Healthcare Providers"
2012-11-30,"THEME|Medical Devices, THEME|Insurance, THEME|Healthcare Providers"
2012-12-07,"THEME|Medical Devices, THEME|Insurance, THEME|Healthcare Providers"
2012-12-14,"THEME|Medical Devices, THEME|Healthcare Providers, THEME|Insurance"
2012-12-21,"THEME|Medical Devices, THEME|Healthcare Providers, THEME|Insurance"
2012-12-28,"THEME|Medical Devices, THEME|Insurance, THEME|Healthcare Providers"
2013-01-04,"THEME|Clean Energy, THEME|Insurance, THEME|Medical Devices"
2013-01-11,"THEME|Clean Energy, THEME|Medical Devices, THEME|Insurance"
2013-01-18,"THEME|Medical Devices, THEME|Clean Energy, THEME|Insurance"
2013-01-25,"THEME|Medical Devices, THEME|Healthcare Providers, THEME|Insurance"
2013-02-01,"THEME|Medical Devices, THEME|Insurance, THEME|Healthcare Providers"
2013-02-08,"THEME|Healthcare Providers, THEME|Medical Devices, THEME|Insurance"
2013-02-15,"THEME|Medical Devices, THEME|Insurance, THEME|Healthcare Providers"
2013-02-22,"THEME|Insurance, THEME|Medical Devices, THEME|Healthcare Providers"
2013-03-01,"THEME|Food & Beverage, THEME|Medical Devices, THEME|Insurance"
2013-03-08,"THEME|Insurance, THEME|Food & Beverage, THEME|Medical Devices"
2013-03-15,"THEME|Insurance, THEME|Food & Beverage, THEME|Medical Devices"
2013-03-22,"THEME|Food & Beverage, THEME|Insurance, THEME|Medical Devices"
2013-03-28,"THEME|Food & Beverage, THEME|Insurance, THEME|Medical Devices"
2013-04-05,"THEME|Food & Beverage, THEME|Medical Devices, THEME|Insurance"
2013-04-12,"THEME|Food & Beverage, THEME|Insurance, THEME|Medical Devices"
2013-04-19,"THEME|Food & Beverage, THEME|Insurance, THEME|Medical Devices"
2013-04-26,"THEME|Insurance, THEME|Food & Beverage, THEME|Medical Devices"
2013-05-03,"THEME|Clean Energy, THEME|Insurance, THEME|Medical Devices"
2013-05-10,"THEME|Clean Energy, THEME|Insurance, THEME|Medical Devices"
2013-05-17,"THEME|Clean Energy, THEME|Medical Devices, THEME|Insurance"
2013-05-24,"THEME|Clean Energy, THEME|Medical Devices, THEME|Insurance"
2013-05-31,"THEME|Clean Energy, THEME|Biotech, THEME|Medical Devices"
2013-06-07,"THEME|Clean Energy, THEME|Medical Devices, THEME|Biotech"
2013-06-14,"THEME|Healthcare Providers, THEME|Medical Devices, THEME|Clean Energy"
2013-06-21,"THEME|Healthcare Providers, THEME|Clean Energy, THEME|Medical Devices"
2013-06-28,"THEME|Healthcare Providers, THEME|Medical Devices, THEME|Clean Energy"
2013-07-05,"THEME|Healthcare Providers, THEME|Medical Devices, THEME|Clean Energy"
2013-07-12,"THEME|Healthcare Providers, THEME|Clean Energy, THEME|Medical Devices"
2013-07-19,"THEME|Healthcare Providers, THEME|Clean Energy, THEME|Medical Devices"
2013-07-26,"THEME|Biotech, THEME|Healthcare Providers, THEME|Clean Energy"
2013-08-02,"THEME|Biotech, THEME|Healthcare Providers, THEME|Clean Energy"
2013-08-09,"THEME|Healthcare Providers, THEME|Biotech, THEME|Clean Energy"
2013-08-16,"THEME|Clean Energy, THEME|Healthcare Providers, THEME|Biotech"
2013-08-23,"THEME|Gold & Precious Metals Miners, THEME|Biotech, THEME|Clean Energy"
2013-08-30,"THEME|Biotech, THEME|Defense, THEME|Gold & Precious Metals Miners"
2013-09-06,"THEME|Biotech, THEME|Defense, THEME|Gold & Precious Metals Miners"
2013-09-13,"THEME|Biotech, THEME|Lithium & Battery, THEME|Defense"
2013-09-20,"THEME|Lithium & Battery, THEME|Defense, THEME|Biotech"
2013-09-27,"THEME|Lithium & Battery, THEME|Defense, THEME|Biotech"
2013-10-04,"THEME|Clean Energy, THEME|Lithium & Battery, THEME|Biotech"
2013-10-11,"THEME|Clean Energy, THEME|Healthcare Providers, THEME|Lithium & Battery"
2013-10-18,"THEME|Clean Energy, THEME|Healthcare Providers, THEME|Lithium & Battery"
2013-10-25,"THEME|Clean Energy, THEME|Defense, THEME|Lithium & Battery"
2013-11-01,"THEME|Defense, THEME|Medical Devices, THEME|Clean Energy"
2013-11-08,"THEME|Defense, THEME|Medical Devices, THEME|Clean Energy"
2013-11-15,"THEME|Defense, THEME|Clean Energy, THEME|Medical Devices"
2013-11-22,"THEME|Defense, THEME|Medical Devices, THEME|Clean Energy"
2013-11-29,"THEME|Healthcare Providers, THEME|Defense, THEME|Medical Devices"
2013-12-06,"THEME|Healthcare Providers, THEME|Defense, THEME|Medical Devices"
2013-12-13,"THEME|Defense, THEME|Semiconductors, THEME|Medical Devices"
2013-12-20,"THEME|Defense, THEME|Semiconductors, THEME|Medical Devices"
2013-12-27,"THEME|Defense, THEME|Semiconductors, THEME|Medical Devices"
2014-01-03,"THEME|Defense, THEME|Semiconductors, THEME|Medical Devices"
2014-01-10,"THEME|Medical Devices, THEME|Defense, THEME|Semiconductors"
2014-01-17,"THEME|Medical Devices, THEME|Defense, THEME|Semiconductors"
2014-01-24,"THEME|Defense, THEME|Medical Devices, THEME|Semiconductors"
2014-01-31,"THEME|Defense, THEME|Medical Devices, THEME|Semiconductors"
2014-02-07,"THEME|Semiconductors, THEME|Medical Devices, THEME|Defense"
2014-02-14,"THEME|Semiconductors, THEME|Medical Devices, THEME|Defense"
2014-02-21,"THEME|Semiconductors, THEME|Medical Devices, THEME|Defense"
2014-02-28,"THEME|Uranium & Nuclear, THEME|Semiconductors, THEME|Defense"
2014-03-07,"THEME|Uranium & Nuclear, THEME|Defense, THEME|Semiconductors"
2014-03-14,"THEME|Uranium & Nuclear, THEME|Semiconductors, THEME|Defense"
2014-03-21,"THEME|Semiconductors, THEME|Food & Beverage, THEME|Uranium & Nuclear"
2014-03-28,"THEME|Semiconductors, THEME|Food & Beverage, THEME|Uranium & Nuclear"
2014-04-04,"THEME|Semiconductors, THEME|Uranium & Nuclear, THEME|Food & Beverage"
2014-04-11,"THEME|Semiconductors, THEME|Food & Beverage, THEME|Uranium & Nuclear"
2014-04-17,"THEME|Energy Producers, THEME|Semiconductors, THEME|Food & Beverage"
2014-04-25,"THEME|Energy Producers, THEME|Semiconductors, THEME|Food & Beverage"
2014-05-02,"THEME|Energy Producers, THEME|Semiconductors, THEME|Food & Beverage"
2014-05-09,"THEME|Energy Producers, THEME|Semiconductors, THEME|Food & Beverage"
2014-05-16,"THEME|Semiconductors, THEME|Energy Producers, THEME|Food & Beverage"
2014-05-23,"THEME|Semiconductors, THEME|Energy Producers, THEME|Food & Beverage"
2014-05-30,"THEME|Semiconductors, THEME|Energy Producers, THEME|Food & Beverage"
2014-06-06,"THEME|Semiconductors, THEME|Energy Producers, THEME|Food & Beverage"
2014-06-13,"THEME|Biotech, THEME|Semiconductors, THEME|Energy Producers"
2014-06-20,"THEME|Biotech, THEME|Energy Producers, THEME|Semiconductors"
2014-06-27,"THEME|Biotech, THEME|Energy Producers, THEME|Semiconductors"
2014-07-03,"THEME|Biotech, THEME|Semiconductors, THEME|Energy Producers"
2014-07-11,"THEME|Semiconductors, THEME|Energy Producers, THEME|Biotech"
2014-07-18,"THEME|Gold & Precious Metals Miners, THEME|Semiconductors, THEME|Energy Producers"
2014-07-25,"THEME|Healthcare Providers, THEME|Gold & Precious Metals Miners, THEME|Energy Producers"
2014-08-01,"THEME|Healthcare Providers, THEME|Gold & Precious Metals Miners, THEME|Energy Producers"
2014-08-08,"THEME|Biotech, THEME|Gold & Precious Metals Miners, THEME|Healthcare Providers"
2014-08-15,"THEME|Biotech, THEME|Gold & Precious Metals Miners, THEME|Healthcare Providers"
2014-08-22,"THEME|Biotech, THEME|Semiconductors, THEME|Healthcare Providers"
2014-08-29,"THEME|Biotech, THEME|Healthcare Providers, THEME|Semiconductors"
2014-09-05,"THEME|Healthcare Providers, THEME|Biotech, THEME|Semiconductors"
2014-09-12,"THEME|Healthcare Providers, THEME|Semiconductors, THEME|Biotech"
2014-09-19,"THEME|Healthcare Providers, THEME|Semiconductors, THEME|Biotech"
2014-09-26,"THEME|Semiconductors, THEME|Healthcare Providers, THEME|Biotech"
2014-10-03,"THEME|Biotech, THEME|Semiconductors, THEME|Healthcare Providers"
2014-10-10,"THEME|Healthcare Providers, THEME|Biotech, THEME|Semiconductors"
2014-10-17,"THEME|Medical Devices, THEME|Biotech, THEME|Healthcare Providers"
2014-10-24,"THEME|Biotech, THEME|Medical Devices, THEME|Healthcare Providers"
2014-10-31,"THEME|Biotech, THEME|Medical Devices, THEME|Healthcare Providers"
2014-11-07,"THEME|Biotech, THEME|Medical Devices, THEME|Healthcare Providers"
2014-11-14,"THEME|Biotech, THEME|Medical Devices, THEME|Healthcare Providers"
2014-11-21,"THEME|Biotech, THEME|Medical Devices, THEME|Healthcare Providers"
2014-11-28,"THEME|Biotech, THEME|Medical Devices, THEME|Healthcare Providers"
2014-12-05,"THEME|Biotech, THEME|Medical Devices, THEME|Healthcare Providers"
2014-12-12,"THEME|Biotech, THEME|Healthcare Providers, THEME|Medical Devices"
2014-12-19,"THEME|Biotech, THEME|Healthcare Providers, THEME|Medical Devices"
2014-12-26,"THEME|Healthcare Providers, THEME|Medical Devices, THEME|Biotech"
2015-01-02,"THEME|Healthcare Providers, THEME|Biotech, THEME|Medical Devices"
2015-01-09,"THEME|Biotech, THEME|Healthcare Providers, THEME|Medical Devices"
2015-01-16,"THEME|Biotech, THEME|Medical Devices, THEME|Healthcare Providers"
2015-01-23,"THEME|Biotech, THEME|Healthcare Providers, THEME|Medical Devices"
2015-01-30,"THEME|Biotech, THEME|Medical Devices, THEME|Healthcare Providers"
2015-02-06,"THEME|Medical Devices, THEME|Biotech, THEME|Healthcare Providers"
2015-02-13,"THEME|Clean Energy, THEME|Healthcare Providers, THEME|Medical Devices"
2015-02-20,"THEME|Medical Devices, THEME|Healthcare Providers, THEME|Clean Energy"
2015-02-27,"THEME|Clean Energy, THEME|Healthcare Providers, THEME|Medical Devices"
2015-03-06,"THEME|Clean Energy, THEME|Healthcare Providers, THEME|Medical Devices"
2015-03-13,"THEME|Clean Energy, THEME|Healthcare Providers, THEME|Medical Devices"
2015-03-20,"THEME|Healthcare Providers, THEME|Clean Energy, THEME|Medical Devices"
2015-03-27,"THEME|Healthcare Providers, THEME|Clean Energy, THEME|Medical Devices"
2015-04-02,"THEME|Clean Energy, THEME|Healthcare Providers, THEME|Medical Devices"
2015-04-10,"THEME|Clean Energy, THEME|Healthcare Providers, THEME|Medical Devices"
2015-04-17,"THEME|Clean Energy, THEME|Healthcare Providers, THEME|Medical Devices"
2015-04-24,"THEME|Clean Energy, THEME|Medical Devices, THEME|Healthcare Providers"
2015-05-01,"THEME|Uranium & Nuclear, THEME|Clean Energy, THEME|Healthcare Providers"
2015-05-08,"THEME|Clean Energy, THEME|Uranium & Nuclear, THEME|Healthcare Providers"
2015-05-15,"THEME|Clean Energy, THEME|Uranium & Nuclear, THEME|Healthcare Providers"
2015-05-22,"THEME|Biotech, THEME|Healthcare Providers, THEME|Lithium & Battery"
2015-05-29,"THEME|Biotech, THEME|Healthcare Providers, THEME|Lithium & Battery"
2015-06-05,"THEME|Biotech, THEME|Healthcare Providers, THEME|Lithium & Battery"
2015-06-12,"THEME|Biotech, THEME|Healthcare Providers, THEME|Lithium & Battery"
2015-06-19,"THEME|Biotech, THEME|Healthcare Providers, THEME|Insurance"
2015-06-26,"THEME|Healthcare Providers, THEME|Biotech, THEME|Insurance"
2015-07-02,"THEME|Healthcare Providers, THEME|Biotech, THEME|Insurance"
2015-07-10,"THEME|Healthcare Providers, THEME|Biotech, THEME|Insurance"
2015-07-17,"THEME|Biotech, THEME|Insurance, THEME|Healthcare Providers"
2015-07-24,"THEME|Biotech, THEME|Insurance, THEME|Healthcare Providers"
2015-07-31,"THEME|Insurance, THEME|Biotech, THEME|Healthcare Providers"
2015-08-07,"THEME|Insurance, THEME|Healthcare Providers, THEME|Biotech"
2015-08-14,"THEME|Food & Beverage, THEME|Insurance, THEME|Healthcare Providers"
2015-08-21,"THEME|Insurance, THEME|Food & Beverage, THEME|Healthcare Providers"
2015-08-28,"THEME|Food & Beverage, THEME|Insurance, THEME|Healthcare Providers"
2015-09-04,"THEME|Food & Beverage, THEME|Insurance, THEME|Healthcare Providers"
2015-09-11,"THEME|Food & Beverage, THEME|Insurance, THEME|Healthcare Providers"
2015-09-18,"THEME|Healthcare Providers, THEME|Food & Beverage, THEME|Insurance"
2015-09-25,"THEME|Food & Beverage, THEME|Insurance, THEME|Healthcare Providers"
2015-10-02,"THEME|Food & Beverage, THEME|Insurance, THEME|Gold & Precious Metals Miners"
2015-10-09,"THEME|Gold & Precious Metals Miners, THEME|Food & Beverage, THEME|Insurance"
2015-10-16,"THEME|Gold & Precious Metals Miners, THEME|Food & Beverage, THEME|Insurance"
2015-10-23,"THEME|Gold & Precious Metals Miners, THEME|Insurance, THEME|Food & Beverage"
2015-10-30,"THEME|Semiconductors, THEME|Insurance, THEME|Food & Beverage"
2015-11-06,"THEME|Semiconductors, THEME|Insurance, THEME|Food & Beverage"
2015-11-13,"THEME|Medical Devices, THEME|Insurance, THEME|Semiconductors"
2015-11-20,"THEME|Insurance, THEME|Medical Devices, THEME|Semiconductors"
2015-11-27,"THEME|Insurance, THEME|Medical Devices, THEME|Semiconductors"
2015-12-04,"THEME|Semiconductors, THEME|Insurance, THEME|Medical Devices"
2015-12-11,"THEME|Semiconductors, THEME|Medical Devices, THEME|Insurance"
2015-12-18,"THEME|Medical Devices, THEME|Semiconductors, THEME|Insurance"
2015-12-24,"THEME|Clean Energy, THEME|Medical Devices, THEME|Semiconductors"
2015-12-31,"THEME|Biotech, THEME|Medical Devices, THEME|Clean Energy"
2016-01-08,"THEME|Gold & Precious Metals Miners, THEME|Medical Devices, THEME|Clean Energy"
2016-01-15,"THEME|Medical Devices, THEME|Food & Beverage, THEME|Gold & Precious Metals Miners"
2016-01-22,"THEME|Medical Devices, THEME|Food & Beverage, THEME|Gold & Precious Metals Miners"
2016-01-29,"THEME|Gold & Precious Metals Miners, THEME|Food & Beverage, THEME|Medical Devices"
2016-02-05,"THEME|Gold & Precious Metals Miners, THEME|Uranium & Nuclear, THEME|Food & Beverage"
2016-02-12,"THEME|Gold & Precious Metals Miners, THEME|Healthcare Providers, THEME|Food & Beverage"
2016-02-19,"THEME|Gold & Precious Metals Miners, THEME|Healthcare Providers, THEME|Food & Beverage"
2016-02-26,"THEME|Gold & Precious Metals Miners, THEME|Healthcare Providers, THEME|Food & Beverage"
2016-03-04,"THEME|Gold & Precious Metals Miners, THEME|Lithium & Battery, THEME|Healthcare Providers"
2016-03-11,"THEME|Gold & Precious Metals Miners, THEME|Lithium & Battery, THEME|Energy Producers"
2016-03-18,"THEME|Gold & Precious Metals Miners, THEME|Lithium & Battery, THEME|Energy Producers"
2016-03-24,"THEME|Lithium & Battery, THEME|Gold & Precious Metals Miners, THEME|Energy Producers"
2016-04-01,"THEME|Uranium & Nuclear, THEME|Gold & Precious Metals Miners, THEME|Lithium & Battery"
2016-04-08,"THEME|Gold & Precious Metals Miners, THEME|Uranium & Nuclear, THEME|Lithium & Battery"
2016-04-15,"THEME|Gold & Precious Metals Miners, THEME|Uranium & Nuclear, THEME|Lithium & Battery"
2016-04-22,"THEME|Gold & Precious Metals Miners, THEME|Lithium & Battery, THEME|Uranium & Nuclear"
2016-04-29,"THEME|Gold & Precious Metals Miners, THEME|Lithium & Battery, THEME|Energy Producers"
2016-05-06,"THEME|Gold & Precious Metals Miners, THEME|Lithium & Battery, THEME|Energy Producers"
2016-05-13,"THEME|Gold & Precious Metals Miners, THEME|Lithium & Battery, THEME|Energy Producers"
2016-05-20,"THEME|Gold & Precious Metals Miners, THEME|Lithium & Battery, THEME|Energy Producers"
2016-05-27,"THEME|Biotech, THEME|Lithium & Battery, THEME|Energy Producers"
2016-06-03,"THEME|Biotech, THEME|Lithium & Battery, THEME|Semiconductors"
2016-06-10,"THEME|Lithium & Battery, THEME|Biotech, THEME|Semiconductors"
2016-06-17,"THEME|Gold & Precious Metals Miners, THEME|Lithium & Battery, THEME|Semiconductors"
2016-06-24,"THEME|Gold & Precious Metals Miners, THEME|Lithium & Battery, THEME|Semiconductors"
2016-07-01,"THEME|Gold & Precious Metals Miners, THEME|Energy Producers, THEME|Lithium & Battery"
2016-07-08,"THEME|Gold & Precious Metals Miners, THEME|Energy Producers, THEME|Lithium & Battery"
2016-07-15,"THEME|Gold & Precious Metals Miners, THEME|Lithium & Battery, THEME|Energy Producers"
2016-07-22,"THEME|Semiconductors, THEME|Biotech, THEME|Gold & Precious Metals Miners"
2016-07-29,"THEME|Biotech, THEME|Semiconductors, THEME|Gold & Precious Metals Miners"
2016-08-05,"THEME|Biotech, THEME|Gold & Precious Metals Miners, THEME|Semiconductors"
2016-08-12,"THEME|Gold & Precious Metals Miners, THEME|Biotech, THEME|Semiconductors"
2016-08-19,"THEME|Semiconductors, THEME|Energy Producers, THEME|Gold & Precious Metals Miners"
2016-08-26,"THEME|Cybersecurity, THEME|Semiconductors, THEME|Energy Producers"
2016-09-02,"THEME|Cybersecurity, THEME|Semiconductors, THEME|Insurance"
2016-09-09,"THEME|Cybersecurity, THEME|Semiconductors, THEME|Insurance"
2016-09-16,"THEME|Semiconductors, THEME|Cybersecurity, THEME|Insurance"
2016-09-23,"THEME|Semiconductors, THEME|Insurance, THEME|Cybersecurity"
2016-09-30,"THEME|Biotech, THEME|Semiconductors, THEME|Cybersecurity"
2016-10-07,"THEME|Cybersecurity, THEME|Semiconductors, THEME|Biotech"
2016-10-14,"THEME|Energy Producers, THEME|Semiconductors, THEME|Cybersecurity"
2016-10-21,"THEME|Energy Producers, THEME|Semiconductors, THEME|Insurance"
2016-10-28,"THEME|Semiconductors, THEME|Insurance, THEME|Energy Producers"
2016-11-04,"THEME|Semiconductors, THEME|Insurance, THEME|Energy Producers"
2016-11-11,"THEME|Insurance, THEME|Semiconductors, THEME|Energy Producers"
2016-11-18,"THEME|Semiconductors, THEME|Insurance, THEME|Energy Producers"
2016-11-25,"THEME|Semiconductors, THEME|Insurance, THEME|Energy Producers"
2016-12-02,"THEME|Energy Producers, THEME|Insurance, THEME|Semiconductors"
2016-12-09,"THEME|Energy Producers, THEME|Insurance, THEME|Semiconductors"
2016-12-16,"THEME|Energy Producers, THEME|Semiconductors, THEME|Insurance"
2016-12-23,"THEME|Semiconductors, THEME|Energy Producers, THEME|Insurance"
2016-12-30,"THEME|Semiconductors, THEME|Energy Producers, THEME|Insurance"
2017-01-06,"THEME|Semiconductors, THEME|Energy Producers, THEME|Insurance"
2017-01-13,"THEME|Uranium & Nuclear, THEME|Biotech, THEME|Semiconductors"
2017-01-20,"THEME|Uranium & Nuclear, THEME|Semiconductors, THEME|Biotech"
2017-01-27,"THEME|Uranium & Nuclear, THEME|Artificial Intelligence & Robotics, THEME|Semiconductors"
2017-02-03,"THEME|Uranium & Nuclear, THEME|Artificial Intelligence & Robotics, THEME|Semiconductors"
2017-02-10,"THEME|Uranium & Nuclear, THEME|Artificial Intelligence & Robotics, THEME|Semiconductors"
2017-02-17,"THEME|Uranium & Nuclear, THEME|Artificial Intelligence & Robotics, THEME|Semiconductors"
2017-02-24,"THEME|Uranium & Nuclear, THEME|Artificial Intelligence & Robotics, THEME|Semiconductors"
2017-03-03,"THEME|Biotech, THEME|Semiconductors, THEME|Artificial Intelligence & Robotics"
2017-03-10,"THEME|Biotech, THEME|Semiconductors, THEME|Artificial Intelligence & Robotics"
2017-03-17,"THEME|Semiconductors, THEME|Artificial Intelligence & Robotics, THEME|Biotech"
2017-03-24,"THEME|Artificial Intelligence & Robotics, THEME|Semiconductors, THEME|Biotech"
2017-03-31,"THEME|Artificial Intelligence & Robotics, THEME|Lithium & Battery, THEME|Semiconductors"
2017-04-07,"THEME|Lithium & Battery, THEME|Artificial Intelligence & Robotics, THEME|Semiconductors"
2017-04-13,"THEME|Lithium & Battery, THEME|Gold & Precious Metals Miners, THEME|Artificial Intelligence & Robotics"
2017-04-21,"THEME|Lithium & Battery, THEME|Gold & Precious Metals Miners, THEME|Artificial Intelligence & Robotics"
2017-04-28,"THEME|Artificial Intelligence & Robotics, THEME|Defense, THEME|Lithium & Battery"
2017-05-05,"THEME|Artificial Intelligence & Robotics, THEME|Defense, THEME|Lithium & Battery"
2017-05-12,"THEME|Artificial Intelligence & Robotics, THEME|Lithium & Battery, THEME|Defense"
2017-05-19,"THEME|Semiconductors, THEME|Lithium & Battery, THEME|Artificial Intelligence & Robotics"
2017-05-26,"THEME|Semiconductors, THEME|Lithium & Battery, THEME|Artificial Intelligence & Robotics"
2017-06-02,"THEME|Artificial Intelligence & Robotics, THEME|Semiconductors, THEME|Lithium & Battery"
2017-06-09,"THEME|Artificial Intelligence & Robotics, THEME|Semiconductors, THEME|Lithium & Battery"
2017-06-16,"THEME|Artificial Intelligence & Robotics, THEME|Semiconductors, THEME|Lithium & Battery"
2017-06-23,"THEME|Biotech, THEME|Artificial Intelligence & Robotics, THEME|Semiconductors"
2017-06-30,"THEME|Biotech, THEME|Healthcare Providers, THEME|Artificial Intelligence & Robotics"
2017-07-07,"THEME|Biotech, THEME|Healthcare Providers, THEME|Uranium & Nuclear"
2017-07-14,"THEME|Biotech, THEME|Defense, THEME|Healthcare Providers"
2017-07-21,"THEME|Uranium & Nuclear, THEME|Biotech, THEME|Defense"
2017-07-28,"THEME|Biotech, THEME|Uranium & Nuclear, THEME|Defense"
2017-08-04,"THEME|Lithium & Battery, THEME|Defense, THEME|Biotech"
2017-08-11,"THEME|Lithium & Battery, THEME|Defense, THEME|Artificial Intelligence & Robotics"
2017-08-18,"THEME|Lithium & Battery, THEME|Artificial Intelligence & Robotics, THEME|Defense"
2017-08-25,"THEME|Lithium & Battery, THEME|Artificial Intelligence & Robotics, THEME|Defense"
2017-09-01,"THEME|Lithium & Battery, THEME|Artificial Intelligence & Robotics, THEME|Defense"
2017-09-08,"THEME|Gold & Precious Metals Miners, THEME|Lithium & Battery, THEME|Artificial Intelligence & Robotics"
2017-09-15,"THEME|Lithium & Battery, THEME|Artificial Intelligence & Robotics, THEME|Gold & Precious Metals Miners"
2017-09-22,"THEME|Lithium & Battery, THEME|Energy Producers, THEME|Artificial Intelligence & Robotics"
2017-09-29,"THEME|Energy Producers, THEME|Lithium & Battery, THEME|Artificial Intelligence & Robotics"
2017-10-06,"THEME|Lithium & Battery, THEME|Artificial Intelligence & Robotics, THEME|Energy Producers"
2017-10-13,"THEME|Lithium & Battery, THEME|Artificial Intelligence & Robotics, THEME|Energy Producers"
2017-10-20,"THEME|Artificial Intelligence & Robotics, THEME|Lithium & Battery, THEME|Energy Producers"
2017-10-27,"THEME|Artificial Intelligence & Robotics, THEME|Semiconductors, THEME|Lithium & Battery"
2017-11-03,"THEME|Semiconductors, THEME|Artificial Intelligence & Robotics, THEME|Lithium & Battery"
2017-11-10,"THEME|Semiconductors, THEME|Artificial Intelligence & Robotics, THEME|Lithium & Battery"
2017-11-17,"THEME|Artificial Intelligence & Robotics, THEME|Semiconductors, THEME|Lithium & Battery"
2017-11-24,"THEME|Artificial Intelligence & Robotics, THEME|Semiconductors, THEME|Lithium & Battery"
2017-12-01,"THEME|Uranium & Nuclear, THEME|Artificial Intelligence & Robotics, THEME|Lithium & Battery"
2017-12-08,"THEME|Uranium & Nuclear, THEME|Healthcare Providers, THEME|Food & Beverage"
2017-12-15,"THEME|Uranium & Nuclear, THEME|Healthcare Providers, THEME|Food & Beverage"
2017-12-22,"THEME|Uranium & Nuclear, THEME|Lithium & Battery, THEME|Healthcare Providers"
2017-12-29,"THEME|Energy Producers, THEME|Lithium & Battery, THEME|Healthcare Providers"
2018-01-05,"THEME|Energy Producers, THEME|Gold & Precious Metals Miners, THEME|Lithium & Battery"
2018-01-12,"THEME|Energy Producers, THEME|Lithium & Battery, THEME|Gold & Precious Metals Miners"
2018-01-19,"THEME|Artificial Intelligence & Robotics, THEME|Energy Producers, THEME|Gold & Precious Metals Miners"
2018-01-26,"THEME|Artificial Intelligence & Robotics, THEME|Biotech, THEME|Gold & Precious Metals Miners"
2018-02-02,"THEME|Biotech, THEME|Defense, THEME|Artificial Intelligence & Robotics"
2018-02-09,"THEME|Defense, THEME|Biotech, THEME|Cybersecurity"
2018-02-16,"THEME|Cybersecurity, THEME|Biotech, THEME|Defense"
2018-02-23,"THEME|Cybersecurity, THEME|Defense, THEME|Biotech"
2018-03-02,"THEME|Cybersecurity, THEME|Defense, THEME|Biotech"
2018-03-09,"THEME|Cybersecurity, THEME|Biotech, THEME|Defense"
2018-03-16,"THEME|Semiconductors, THEME|Cybersecurity, THEME|Biotech"
2018-03-23,"THEME|Clean Energy, THEME|Cybersecurity, THEME|Semiconductors"
2018-03-29,"THEME|Gold & Precious Metals Miners, THEME|Clean Energy, THEME|Cybersecurity"
2018-04-06,"THEME|Clean Energy, THEME|Cybersecurity, THEME|Gold & Precious Metals Miners"
2018-04-13,"THEME|Cybersecurity, THEME|Clean Energy, THEME|Gold & Precious Metals Miners"
2018-04-20,"THEME|Cybersecurity, THEME|Gold & Precious Metals Miners, THEME|Clean Energy"
2018-04-27,"THEME|Cybersecurity, THEME|Gold & Precious Metals Miners, THEME|Clean Energy"
2018-05-04,"THEME|Gold & Precious Metals Miners, THEME|Cybersecurity, THEME|Clean Energy"
2018-05-11,"THEME|Energy Producers, THEME|Cybersecurity, THEME|Gold & Precious Metals Miners"
2018-05-18,"THEME|Energy Producers, THEME|Biotech, THEME|Cybersecurity"
2018-05-25,"THEME|Biotech, THEME|Energy Producers, THEME|Cybersecurity"
2018-06-01,"THEME|Biotech, THEME|Cybersecurity, THEME|Energy Producers"
2018-06-08,"THEME|Biotech, THEME|Uranium & Nuclear, THEME|Cybersecurity"
2018-06-15,"THEME|Cybersecurity, THEME|Biotech, THEME|Uranium & Nuclear"
2018-06-22,"THEME|Biotech, THEME|Healthcare Providers, THEME|Cybersecurity"
2018-06-29,"THEME|Healthcare Providers, THEME|Biotech, THEME|Cybersecurity"
2018-07-06,"THEME|Biotech, THEME|Healthcare Providers, THEME|Cybersecurity"
2018-07-13,"THEME|Biotech, THEME|Cybersecurity, THEME|Healthcare Providers"
2018-07-20,"THEME|Cybersecurity, THEME|Biotech, THEME|Healthcare Providers"
2018-07-27,"THEME|Blockchain & Crypto, THEME|Healthcare Providers, THEME|Cybersecurity"
2018-08-03,"THEME|Healthcare Providers, THEME|Medical Devices, THEME|Blockchain & Crypto"
2018-08-10,"THEME|Healthcare Providers, THEME|Medical Devices, THEME|Blockchain & Crypto"
2018-08-17,"THEME|Healthcare Providers, THEME|Medical Devices, THEME|Cybersecurity"
2018-08-24,"THEME|Healthcare Providers, THEME|Cybersecurity, THEME|Medical Devices"
2018-08-31,"THEME|Cybersecurity, THEME|Medical Devices, THEME|Healthcare Providers"
2018-09-07,"THEME|Cybersecurity, THEME|Medical Devices, THEME|Healthcare Providers"
2018-09-14,"THEME|Medical Devices, THEME|Cybersecurity, THEME|Healthcare Providers"
2018-09-21,"THEME|Lithium & Battery, THEME|Medical Devices, THEME|Healthcare Providers"
2018-09-28,"THEME|Medical Devices, THEME|Healthcare Providers, THEME|Lithium & Battery"
2018-10-05,"THEME|Uranium & Nuclear, THEME|Healthcare Providers, THEME|Medical Devices"
2018-10-12,"THEME|Healthcare Providers, THEME|Uranium & Nuclear, THEME|Medical Devices"
2018-10-19,"THEME|Healthcare Providers, THEME|Medical Devices, THEME|Uranium & Nuclear"
2018-10-26,"THEME|Healthcare Providers, THEME|Gold & Precious Metals Miners, THEME|Medical Devices"
2018-11-02,"THEME|Healthcare Providers, THEME|Gold & Precious Metals Miners, THEME|Medical Devices"
2018-11-09,"THEME|Healthcare Providers, THEME|Lithium & Battery, THEME|Medical Devices"
2018-11-16,"THEME|Healthcare Providers, THEME|Lithium & Battery, THEME|Medical Devices"
2018-11-23,"THEME|Healthcare Providers, THEME|Medical Devices, THEME|Lithium & Battery"
2018-11-30,"THEME|Healthcare Providers, THEME|Clean Energy, THEME|Medical Devices"
2018-12-07,"THEME|Healthcare Providers, THEME|Clean Energy, THEME|Medical Devices"
2018-12-14,"THEME|Clean Energy, THEME|Healthcare Providers, THEME|Medical Devices"
2018-12-21,"THEME|Gold & Precious Metals Miners, THEME|Clean Energy, THEME|Medical Devices"
2018-12-28,"THEME|Gold & Precious Metals Miners, THEME|Clean Energy, THEME|Medical Devices"
2019-01-04,"THEME|Gold & Precious Metals Miners, THEME|Clean Energy, THEME|Medical Devices"
2019-01-11,"THEME|Clean Energy, THEME|Gold & Precious Metals Miners, THEME|Medical Devices"
2019-01-18,"THEME|Biotech, THEME|Clean Energy, THEME|Medical Devices"
2019-01-25,"THEME|Clean Energy, THEME|Semiconductors, THEME|Medical Devices"
2019-02-01,"THEME|Clean Energy, THEME|Semiconductors, THEME|Medical Devices"
2019-02-08,"THEME|Semiconductors, THEME|Clean Energy, THEME|Medical Devices"
2019-02-15,"THEME|Semiconductors, THEME|Medical Devices, THEME|Clean Energy"
2019-02-22,"THEME|Quantum Computing, THEME|Semiconductors, THEME|Clean Energy"
2019-03-01,"THEME|Quantum Computing, THEME|Clean Energy, THEME|Semiconductors"
2019-03-08,"THEME|Quantum Computing, THEME|Clean Energy, THEME|Semiconductors"
2019-03-15,"THEME|Clean Energy, THEME|Semiconductors, THEME|Quantum Computing"
2019-03-22,"THEME|Semiconductors, THEME|Gold & Precious Metals Miners, THEME|Clean Energy"
2019-03-29,"THEME|Gold & Precious Metals Miners, THEME|Semiconductors, THEME|Food & Beverage"
2019-04-05,"THEME|Semiconductors, THEME|Artificial Intelligence & Robotics, THEME|Gold & Precious Metals Miners"
2019-04-12,"THEME|Semiconductors, THEME|Artificial Intelligence & Robotics, THEME|Quantum Computing"
2019-04-18,"THEME|Semiconductors, THEME|Artificial Intelligence & Robotics, THEME|Quantum Computing"
2019-04-26,"THEME|Semiconductors, THEME|Quantum Computing, THEME|Artificial Intelligence & Robotics"
2019-05-03,"THEME|Semiconductors, THEME|Quantum Computing, THEME|Artificial Intelligence & Robotics"
2019-05-10,"THEME|Insurance, THEME|Clean Energy, THEME|Food & Beverage"
2019-05-17,"THEME|Insurance, THEME|Food & Beverage, THEME|Clean Energy"
2019-05-24,"THEME|Insurance, THEME|Clean Energy, THEME|Food & Beverage"
2019-05-31,"THEME|Clean Energy, THEME|Insurance, THEME|Gold & Precious Metals Miners"
2019-06-07,"THEME|Gold & Precious Metals Miners, THEME|Insurance, THEME|Clean Energy"
2019-06-14,"THEME|Gold & Precious Metals Miners, THEME|Insurance, THEME|Clean Energy"
2019-06-21,"THEME|Gold & Precious Metals Miners, THEME|Clean Energy, THEME|Insurance"
2019-06-28,"THEME|Gold & Precious Metals Miners, THEME|Blockchain & Crypto, THEME|Clean Energy"
2019-07-05,"THEME|Gold & Precious Metals Miners, THEME|Blockchain & Crypto, THEME|Clean Energy"
2019-07-12,"THEME|Gold & Precious Metals Miners, THEME|Blockchain & Crypto, THEME|Clean Energy"
2019-07-19,"THEME|Gold & Precious Metals Miners, THEME|Blockchain & Crypto, THEME|Clean Energy"
2019-07-26,"THEME|Gold & Precious Metals Miners, THEME|Semiconductors, THEME|Blockchain & Crypto"
2019-08-02,"THEME|Gold & Precious Metals Miners, THEME|Semiconductors, THEME|Blockchain & Crypto"
2019-08-09,"THEME|Gold & Precious Metals Miners, THEME|Clean Energy, THEME|Food & Beverage"
2019-08-16,"THEME|Gold & Precious Metals Miners, THEME|Clean Energy, THEME|Food & Beverage"
2019-08-23,"THEME|Gold & Precious Metals Miners, THEME|Clean Energy, THEME|Food & Beverage"
2019-08-30,"THEME|Gold & Precious Metals Miners, THEME|Clean Energy, THEME|Food & Beverage"
2019-09-06,"THEME|Gold & Precious Metals Miners, THEME|Clean Energy, THEME|Food & Beverage"
2019-09-13,"THEME|Semiconductors, THEME|Quantum Computing, THEME|Clean Energy"
2019-09-20,"THEME|Quantum Computing, THEME|Clean Energy, THEME|Semiconductors"
2019-09-27,"THEME|Defense, THEME|Quantum Computing, THEME|Semiconductors"
2019-10-04,"THEME|Semiconductors, THEME|Quantum Computing, THEME|Defense"
2019-10-11,"THEME|Semiconductors, THEME|Quantum Computing, THEME|Defense"
2019-10-18,"THEME|Healthcare Providers, THEME|Semiconductors, THEME|Quantum Computing"
2019-10-25,"THEME|Semiconductors, THEME|Healthcare Providers, THEME|Quantum Computing"
2019-11-01,"THEME|Quantum Computing, THEME|Semiconductors, THEME|Healthcare Providers"
2019-11-08,"THEME|Semiconductors, THEME|Quantum Computing, THEME|Healthcare Providers"
2019-11-15,"THEME|Healthcare Providers, THEME|Semiconductors, THEME|Quantum Computing"
2019-11-22,"THEME|Healthcare Providers, THEME|Semiconductors, THEME|Quantum Computing"
2019-11-29,"THEME|Healthcare Providers, THEME|Semiconductors, THEME|Quantum Computing"
2019-12-06,"THEME|Healthcare Providers, THEME|Quantum Computing, THEME|Semiconductors"
2019-12-13,"THEME|Semiconductors, THEME|Quantum Computing, THEME|Healthcare Providers"
2019-12-20,"THEME|Semiconductors, THEME|Quantum Computing, THEME|Healthcare Providers"
2019-12-27,"THEME|Healthcare Providers, THEME|Semiconductors, THEME|Quantum Computing"
2020-01-03,"THEME|Semiconductors, THEME|Healthcare Providers, THEME|Quantum Computing"
2020-01-10,"THEME|Quantum Computing, THEME|Healthcare Providers, THEME|Semiconductors"
2020-01-17,"THEME|Quantum Computing, THEME|Healthcare Providers, THEME|Semiconductors"
2020-01-24,"THEME|Semiconductors, THEME|Healthcare Providers, THEME|Quantum Computing"
2020-01-31,"THEME|Clean Energy, THEME|Lithium & Battery, THEME|Semiconductors"
2020-02-07,"THEME|Lithium & Battery, THEME|Clean Energy, THEME|Semiconductors"
2020-02-14,"THEME|Lithium & Battery, THEME|Clean Energy, THEME|Semiconductors"
2020-02-21,"THEME|Clean Energy, THEME|Lithium & Battery, THEME|Semiconductors"
2020-02-28,"THEME|Clean Energy, THEME|Lithium & Battery, THEME|Semiconductors"
2020-03-06,"THEME|Clean Energy, THEME|Lithium & Battery, THEME|Semiconductors"
2020-03-13,"THEME|Healthcare Providers, THEME|Semiconductors, THEME|Lithium & Battery"
2020-03-20,"THEME|Food & Beverage, THEME|Healthcare Providers, THEME|Semiconductors"
2020-03-27,"THEME|Gold & Precious Metals Miners, THEME|Semiconductors, THEME|Food & Beverage"
2020-04-03,"THEME|Uranium & Nuclear, THEME|Gold & Precious Metals Miners, THEME|Semiconductors"
2020-04-09,"THEME|Gold & Precious Metals Miners, THEME|Uranium & Nuclear, THEME|Semiconductors"
2020-04-17,"THEME|Gold & Precious Metals Miners, THEME|Uranium & Nuclear, THEME|Semiconductors"
2020-04-24,"THEME|Gold & Precious Metals Miners, THEME|Uranium & Nuclear, THEME|Semiconductors"
2020-05-01,"THEME|Gold & Precious Metals Miners, THEME|Biotech, THEME|Uranium & Nuclear"
2020-05-08,"THEME|Gold & Precious Metals Miners, THEME|Biotech, THEME|Uranium & Nuclear"
2020-05-15,"THEME|Biotech, THEME|Gold & Precious Metals Miners, THEME|Healthcare Providers"
2020-05-22,"THEME|Biotech, THEME|Gold & Precious Metals Miners, THEME|Healthcare Providers"
2020-05-29,"THEME|Lithium & Battery, THEME|Healthcare Providers, THEME|Biotech"
2020-06-05,"THEME|Lithium & Battery, THEME|Space, THEME|Artificial Intelligence & Robotics"
2020-06-12,"THEME|Lithium & Battery, THEME|Space, THEME|Artificial Intelligence & Robotics"
2020-06-19,"THEME|Lithium & Battery, THEME|Space, THEME|Artificial Intelligence & Robotics"
2020-06-26,"THEME|Biotech, THEME|Lithium & Battery, THEME|Artificial Intelligence & Robotics"
2020-07-02,"THEME|Biotech, THEME|Lithium & Battery, THEME|Artificial Intelligence & Robotics"
2020-07-10,"THEME|Lithium & Battery, THEME|Clean Energy, THEME|Artificial Intelligence & Robotics"
2020-07-17,"THEME|Lithium & Battery, THEME|Clean Energy, THEME|Artificial Intelligence & Robotics"
2020-07-24,"THEME|Clean Energy, THEME|Lithium & Battery, THEME|Artificial Intelligence & Robotics"
2020-07-31,"THEME|Gold & Precious Metals Miners, THEME|Clean Energy, THEME|Lithium & Battery"
2020-08-07,"THEME|Clean Energy, THEME|Lithium & Battery, THEME|Gold & Precious Metals Miners"
2020-08-14,"THEME|Clean Energy, THEME|Lithium & Battery, THEME|Blockchain & Crypto"
2020-08-21,"THEME|Clean Energy, THEME|Blockchain & Crypto, THEME|Lithium & Battery"
2020-08-28,"THEME|Clean Energy, THEME|Blockchain & Crypto, THEME|Lithium & Battery"
2020-09-04,"THEME|Lithium & Battery, THEME|Clean Energy, THEME|Blockchain & Crypto"
2020-09-11,"THEME|Clean Energy, THEME|Lithium & Battery, THEME|Blockchain & Crypto"
2020-09-18,"THEME|Lithium & Battery, THEME|Clean Energy, THEME|Blockchain & Crypto"
2020-09-25,"THEME|Clean Energy, THEME|Lithium & Battery, THEME|Blockchain & Crypto"
2020-10-02,"THEME|Clean Energy, THEME|Lithium & Battery, THEME|Blockchain & Crypto"
2020-10-09,"THEME|Clean Energy, THEME|Lithium & Battery, THEME|Blockchain & Crypto"
2020-10-16,"THEME|Clean Energy, THEME|Lithium & Battery, THEME|Blockchain & Crypto"
2020-10-23,"THEME|Clean Energy, THEME|Blockchain & Crypto, THEME|Lithium & Battery"
2020-10-30,"THEME|Lithium & Battery, THEME|Blockchain & Crypto, THEME|Clean Energy"
2020-11-06,"THEME|Lithium & Battery, THEME|Clean Energy, THEME|Blockchain & Crypto"
2020-11-13,"THEME|Lithium & Battery, THEME|Clean Energy, THEME|Energy Producers"
2020-11-20,"THEME|Clean Energy, THEME|Energy Producers, THEME|Lithium & Battery"
2020-11-27,"THEME|Clean Energy, THEME|Energy Producers, THEME|Lithium & Battery"
2020-12-04,"THEME|Clean Energy, THEME|Lithium & Battery, THEME|Energy Producers"
2020-12-11,"THEME|Lithium & Battery, THEME|Clean Energy, THEME|Energy Producers"
2020-12-18,"THEME|Clean Energy, THEME|Lithium & Battery, THEME|Energy Producers"
2020-12-24,"THEME|Clean Energy, THEME|Blockchain & Crypto, THEME|Lithium & Battery"
2020-12-31,"THEME|Clean Energy, THEME|Blockchain & Crypto, THEME|Lithium & Battery"
2021-01-08,"THEME|Clean Energy, THEME|Blockchain & Crypto, THEME|Lithium & Battery"
2021-01-15,"THEME|Blockchain & Crypto, THEME|Clean Energy, THEME|Lithium & Battery"
2021-01-22,"THEME|Clean Energy, THEME|Blockchain & Crypto, THEME|Lithium & Battery"
2021-01-29,"THEME|Lithium & Battery, THEME|Blockchain & Crypto, THEME|Clean Energy"
2021-02-05,"THEME|Blockchain & Crypto, THEME|Clean Energy, THEME|Lithium & Battery"
2021-02-12,"THEME|Blockchain & Crypto, THEME|Uranium & Nuclear, THEME|Lithium & Battery"
2021-02-19,"THEME|Blockchain & Crypto, THEME|Uranium & Nuclear, THEME|Lithium & Battery"
2021-02-26,"THEME|Blockchain & Crypto, THEME|Energy Producers, THEME|Uranium & Nuclear"
2021-03-05,"THEME|Energy Producers, THEME|Blockchain & Crypto, THEME|Uranium & Nuclear"
2021-03-12,"THEME|Blockchain & Crypto, THEME|Energy Producers, THEME|Uranium & Nuclear"
2021-03-19,"THEME|Blockchain & Crypto, THEME|Uranium & Nuclear, THEME|Energy Producers"
2021-03-26,"THEME|Uranium & Nuclear, THEME|Blockchain & Crypto, THEME|Energy Producers"
2021-04-01,"THEME|Uranium & Nuclear, THEME|Blockchain & Crypto, THEME|Semiconductors"
2021-04-09,"THEME|Blockchain & Crypto, THEME|Uranium & Nuclear, THEME|Semiconductors"
2021-04-16,"THEME|Blockchain & Crypto, THEME|Gold & Precious Metals Miners, THEME|Insurance"
2021-04-23,"THEME|Data Centers & Digital Infra, THEME|Insurance, THEME|Gold & Precious Metals Miners"
2021-04-30,"THEME|Energy Producers, THEME|Data Centers & Digital Infra, THEME|Insurance"
2021-05-07,"THEME|Uranium & Nuclear, THEME|Energy Producers, THEME|Insurance"
2021-05-14,"THEME|Uranium & Nuclear, THEME|Energy Producers, THEME|Insurance"
2021-05-21,"THEME|Uranium & Nuclear, THEME|Energy Producers, THEME|Insurance"
2021-05-28,"THEME|Uranium & Nuclear, THEME|Lithium & Battery, THEME|Gold & Precious Metals Miners"
2021-06-04,"THEME|Uranium & Nuclear, THEME|Lithium & Battery, THEME|Energy Producers"
2021-06-11,"THEME|Uranium & Nuclear, THEME|Lithium & Battery, THEME|Energy Producers"
2021-06-18,"THEME|Cybersecurity, THEME|Lithium & Battery, THEME|Energy Producers"
2021-06-25,"THEME|Lithium & Battery, THEME|Energy Producers, THEME|Cybersecurity"
2021-07-02,"THEME|Lithium & Battery, THEME|Semiconductors, THEME|Energy Producers"
2021-07-09,"THEME|Lithium & Battery, THEME|Cybersecurity, THEME|Semiconductors"
2021-07-16,"THEME|Lithium & Battery, THEME|Cybersecurity, THEME|Semiconductors"
2021-07-23,"THEME|Lithium & Battery, THEME|Cybersecurity, THEME|Semiconductors"
2021-07-30,"THEME|Lithium & Battery, THEME|Cybersecurity, THEME|Semiconductors"
2021-08-06,"THEME|Lithium & Battery, THEME|Semiconductors, THEME|Cybersecurity"
2021-08-13,"THEME|Lithium & Battery, THEME|Blockchain & Crypto, THEME|Insurance"
2021-08-20,"THEME|Medical Devices, THEME|Insurance, THEME|Lithium & Battery"
2021-08-27,"THEME|Lithium & Battery, THEME|Medical Devices, THEME|Insurance"
2021-09-03,"THEME|Uranium & Nuclear, THEME|Lithium & Battery, THEME|Medical Devices"
2021-09-10,"THEME|Uranium & Nuclear, THEME|Lithium & Battery, THEME|Medical Devices"
2021-09-17,"THEME|Uranium & Nuclear, THEME|Lithium & Battery, THEME|Medical Devices"
2021-09-24,"THEME|Uranium & Nuclear, THEME|Medical Devices, THEME|Lithium & Battery"
2021-10-01,"THEME|Energy Producers, THEME|Uranium & Nuclear, THEME|Lithium & Battery"
2021-10-08,"THEME|Energy Producers, THEME|Uranium & Nuclear, THEME|Lithium & Battery"
2021-10-15,"THEME|Uranium & Nuclear, THEME|Energy Producers, THEME|Lithium & Battery"
2021-10-22,"THEME|Uranium & Nuclear, THEME|Energy Producers, THEME|Lithium & Battery"
2021-10-29,"THEME|Lithium & Battery, THEME|Uranium & Nuclear, THEME|Energy Producers"
2021-11-05,"THEME|Blockchain & Crypto, THEME|Uranium & Nuclear, THEME|Lithium & Battery"
2021-11-12,"THEME|Uranium & Nuclear, THEME|Blockchain & Crypto, THEME|Lithium & Battery"
2021-11-19,"THEME|Lithium & Battery, THEME|Blockchain & Crypto, THEME|Uranium & Nuclear"
2021-11-26,"THEME|Semiconductors, THEME|Lithium & Battery, THEME|Blockchain & Crypto"
2021-12-03,"THEME|Semiconductors, THEME|Lithium & Battery, THEME|Data Centers & Digital Infra"
2021-12-10,"THEME|Semiconductors, THEME|Lithium & Battery, THEME|Data Centers & Digital Infra"
2021-12-17,"THEME|Healthcare Providers, THEME|Semiconductors, THEME|Data Centers & Digital Infra"
2021-12-23,"THEME|Healthcare Providers, THEME|Semiconductors, THEME|Data Centers & Digital Infra"
2021-12-31,"THEME|Semiconductors, THEME|Data Centers & Digital Infra, THEME|Healthcare Providers"
2022-01-07,"THEME|Energy Producers, THEME|Shipping, THEME|Semiconductors"
2022-01-14,"THEME|Energy Producers, THEME|Shipping, THEME|Semiconductors"
2022-01-21,"THEME|Energy Producers, THEME|Gold & Precious Metals Miners, THEME|Shipping"
2022-01-28,"THEME|Energy Producers, THEME|Gold & Precious Metals Miners, THEME|Shipping"
2022-02-04,"THEME|Energy Producers, THEME|Insurance, THEME|Shipping"
2022-02-11,"THEME|Shipping, THEME|Energy Producers, THEME|Insurance"
2022-02-18,"THEME|Shipping, THEME|Energy Producers, THEME|Insurance"
2022-02-25,"THEME|Shipping, THEME|Energy Producers, THEME|Insurance"
2022-03-04,"THEME|Uranium & Nuclear, THEME|Shipping, THEME|Energy Producers"
2022-03-11,"THEME|Uranium & Nuclear, THEME|Energy Producers, THEME|Shipping"
2022-03-18,"THEME|Shipping, THEME|Uranium & Nuclear, THEME|Energy Producers"
2022-03-25,"THEME|Uranium & Nuclear, THEME|Energy Producers, THEME|Shipping"
2022-04-01,"THEME|Gold & Precious Metals Miners, THEME|Uranium & Nuclear, THEME|Energy Producers"
2022-04-08,"THEME|Uranium & Nuclear, THEME|Gold & Precious Metals Miners, THEME|Energy Producers"
2022-04-14,"THEME|Uranium & Nuclear, THEME|Gold & Precious Metals Miners, THEME|Energy Producers"
2022-04-22,"THEME|Energy Producers, THEME|Gold & Precious Metals Miners, THEME|Uranium & Nuclear"
2022-04-29,"THEME|Food & Beverage, THEME|Energy Producers, THEME|Shipping"
2022-05-06,"THEME|Energy Producers, THEME|Shipping, THEME|Food & Beverage"
2022-05-13,"THEME|Energy Producers, THEME|Shipping, THEME|Food & Beverage"
2022-05-20,"THEME|Energy Producers, THEME|Shipping, THEME|Lithium & Battery"
2022-05-27,"THEME|Shipping, THEME|Energy Producers, THEME|Lithium & Battery"
2022-06-03,"THEME|Energy Producers, THEME|Shipping, THEME|Lithium & Battery"
2022-06-10,"THEME|Energy Producers, THEME|Clean Energy, THEME|Lithium & Battery"
2022-06-17,"THEME|Lithium & Battery, THEME|Energy Producers, THEME|Clean Energy"
2022-06-24,"THEME|Biotech, THEME|Lithium & Battery, THEME|Clean Energy"
2022-07-01,"THEME|Biotech, THEME|Clean Energy, THEME|Lithium & Battery"
2022-07-08,"THEME|Biotech, THEME|Clean Energy, THEME|Lithium & Battery"
2022-07-15,"THEME|Biotech, THEME|Healthcare Providers, THEME|Clean Energy"
2022-07-22,"THEME|Biotech, THEME|Healthcare Providers, THEME|Clean Energy"
2022-07-29,"THEME|Clean Energy, THEME|Biotech, THEME|Healthcare Providers"
2022-08-05,"THEME|Clean Energy, THEME|Biotech, THEME|Healthcare Providers"
2022-08-12,"THEME|Clean Energy, THEME|Biotech, THEME|Blockchain & Crypto"
2022-08-19,"THEME|Clean Energy, THEME|Insurance, THEME|Biotech"
2022-08-26,"THEME|Energy Producers, THEME|Clean Energy, THEME|Insurance"
2022-09-02,"THEME|Energy Producers, THEME|Clean Energy, THEME|Insurance"
2022-09-09,"THEME|Clean Energy, THEME|Insurance, THEME|Energy Producers"
2022-09-16,"THEME|Clean Energy, THEME|Energy Producers, THEME|Insurance"
2022-09-23,"THEME|Insurance, THEME|Energy Producers, THEME|Clean Energy"
2022-09-30,"THEME|Healthcare Providers, THEME|Insurance, THEME|Energy Producers"
2022-10-07,"THEME|Energy Producers, THEME|Insurance, THEME|Healthcare Providers"
2022-10-14,"THEME|Energy Producers, THEME|Insurance, THEME|Healthcare Providers"
2022-10-21,"THEME|Energy Producers, THEME|Insurance, THEME|Healthcare Providers"
2022-10-28,"THEME|Energy Producers, THEME|Insurance, THEME|Healthcare Providers"
2022-11-04,"THEME|Energy Producers, THEME|Insurance, THEME|Healthcare Providers"
2022-11-11,"THEME|Gold & Precious Metals Miners, THEME|Energy Producers, THEME|Insurance"
2022-11-18,"THEME|Gold & Precious Metals Miners, THEME|Energy Producers, THEME|Insurance"
2022-11-25,"THEME|Gold & Precious Metals Miners, THEME|Insurance, THEME|Energy Producers"
2022-12-02,"THEME|Gold & Precious Metals Miners, THEME|Defense, THEME|Insurance"
2022-12-09,"THEME|Gold & Precious Metals Miners, THEME|Defense, THEME|Insurance"
2022-12-16,"THEME|Shipping, THEME|Defense, THEME|Gold & Precious Metals Miners"
2022-12-23,"THEME|Shipping, THEME|Gold & Precious Metals Miners, THEME|Defense"
2022-12-30,"THEME|Gold & Precious Metals Miners, THEME|Defense, THEME|Shipping"
2023-01-06,"THEME|Gold & Precious Metals Miners, THEME|Uranium & Nuclear, THEME|Defense"
2023-01-13,"THEME|Gold & Precious Metals Miners, THEME|Uranium & Nuclear, THEME|AgTech & Food Innovation"
2023-01-20,"THEME|Gold & Precious Metals Miners, THEME|Uranium & Nuclear, THEME|AgTech & Food Innovation"
2023-01-27,"THEME|Gold & Precious Metals Miners, THEME|Uranium & Nuclear, THEME|AgTech & Food Innovation"
2023-02-03,"THEME|Semiconductors, THEME|AgTech & Food Innovation, THEME|Uranium & Nuclear"
2023-02-10,"THEME|Semiconductors, THEME|Artificial Intelligence & Robotics, THEME|Shipping"
2023-02-17,"THEME|Shipping, THEME|Semiconductors, THEME|Artificial Intelligence & Robotics"
2023-02-24,"THEME|Shipping, THEME|Semiconductors, THEME|Artificial Intelligence & Robotics"
2023-03-03,"THEME|Shipping, THEME|Artificial Intelligence & Robotics, THEME|Semiconductors"
2023-03-10,"THEME|Shipping, THEME|Artificial Intelligence & Robotics, THEME|Semiconductors"
2023-03-17,"THEME|Semiconductors, THEME|Artificial Intelligence & Robotics, THEME|Shipping"
2023-03-24,"THEME|Semiconductors, THEME|Artificial Intelligence & Robotics, THEME|Shipping"
2023-03-31,"THEME|Artificial Intelligence & Robotics, THEME|Semiconductors, THEME|Shipping"
2023-04-06,"THEME|Gold & Precious Metals Miners, THEME|Energy Producers, THEME|Artificial Intelligence & Robotics"
2023-04-14,"THEME|Gold & Precious Metals Miners, THEME|Energy Producers, THEME|Artificial Intelligence & Robotics"
2023-04-21,"THEME|Gold & Precious Metals Miners, THEME|Artificial Intelligence & Robotics, THEME|Energy Producers"
2023-04-28,"THEME|Gold & Precious Metals Miners, THEME|Artificial Intelligence & Robotics, THEME|Energy Producers"
2023-05-05,"THEME|Gold & Precious Metals Miners, THEME|Artificial Intelligence & Robotics, THEME|Biotech"
2023-05-12,"THEME|Biotech, THEME|Gold & Precious Metals Miners, THEME|Artificial Intelligence & Robotics"
2023-05-19,"THEME|Artificial Intelligence & Robotics, THEME|Quantum Computing, THEME|Biotech"
2023-05-26,"THEME|Quantum Computing, THEME|Artificial Intelligence & Robotics, THEME|Biotech"
2023-06-02,"THEME|Artificial Intelligence & Robotics, THEME|Quantum Computing, THEME|Biotech"
2023-06-09,"THEME|Artificial Intelligence & Robotics, THEME|Quantum Computing, THEME|Biotech"
2023-06-16,"THEME|Artificial Intelligence & Robotics, THEME|Quantum Computing, THEME|Biotech"
2023-06-23,"THEME|Blockchain & Crypto, THEME|Artificial Intelligence & Robotics, THEME|Quantum Computing"
2023-06-30,"THEME|Blockchain & Crypto, THEME|Quantum Computing, THEME|Artificial Intelligence & Robotics"
2023-07-07,"THEME|Blockchain & Crypto, THEME|Quantum Computing, THEME|Artificial Intelligence & Robotics"
2023-07-14,"THEME|Blockchain & Crypto, THEME|Artificial Intelligence & Robotics, THEME|Quantum Computing"
2023-07-21,"THEME|Blockchain & Crypto, THEME|Quantum Computing, THEME|Artificial Intelligence & Robotics"
2023-07-28,"THEME|Blockchain & Crypto, THEME|Semiconductors, THEME|Quantum Computing"
2023-08-04,"THEME|Semiconductors, THEME|Quantum Computing, THEME|Blockchain & Crypto"
2023-08-11,"THEME|Shipping, THEME|Energy Producers, THEME|Uranium & Nuclear"
2023-08-18,"THEME|Energy Producers, THEME|Shipping, THEME|Uranium & Nuclear"
2023-08-25,"THEME|Uranium & Nuclear, THEME|Energy Producers, THEME|Shipping"
2023-09-01,"THEME|Uranium & Nuclear, THEME|Cybersecurity, THEME|Energy Producers"
2023-09-08,"THEME|Uranium & Nuclear, THEME|Energy Producers, THEME|Cybersecurity"
2023-09-15,"THEME|Uranium & Nuclear, THEME|Energy Producers, THEME|Cybersecurity"
2023-09-22,"THEME|Uranium & Nuclear, THEME|Energy Producers, THEME|Cybersecurity"
2023-09-29,"THEME|Uranium & Nuclear, THEME|Energy Producers, THEME|Cybersecurity"
2023-10-06,"THEME|Uranium & Nuclear, THEME|Cybersecurity, THEME|Energy Producers"
2023-10-13,"THEME|Data Centers & Digital Infra, THEME|Cybersecurity, THEME|Semiconductors"
2023-10-20,"THEME|Gold & Precious Metals Miners, THEME|Cybersecurity, THEME|Data Centers & Digital Infra"
2023-10-27,"THEME|Uranium & Nuclear, THEME|Gold & Precious Metals Miners, THEME|Blockchain & Crypto"
2023-11-03,"THEME|Uranium & Nuclear, THEME|Blockchain & Crypto, THEME|Shipping"
2023-11-10,"THEME|Blockchain & Crypto, THEME|Semiconductors, THEME|Uranium & Nuclear"
2023-11-17,"THEME|Semiconductors, THEME|Uranium & Nuclear, THEME|Blockchain & Crypto"
2023-11-24,"THEME|Uranium & Nuclear, THEME|Semiconductors, THEME|Blockchain & Crypto"
2023-12-01,"THEME|Blockchain & Crypto, THEME|Data Centers & Digital Infra, THEME|Uranium & Nuclear"
2023-12-08,"THEME|Blockchain & Crypto, THEME|Data Centers & Digital Infra, THEME|Uranium & Nuclear"
2023-12-15,"THEME|Blockchain & Crypto, THEME|Biotech, THEME|Data Centers & Digital Infra"
2023-12-22,"THEME|Blockchain & Crypto, THEME|Shipping, THEME|Biotech"
2023-12-29,"THEME|Blockchain & Crypto, THEME|Biotech, THEME|Shipping"
2024-01-05,"THEME|Shipping, THEME|Biotech, THEME|Blockchain & Crypto"
2024-01-12,"THEME|Uranium & Nuclear, THEME|Biotech, THEME|Shipping"
2024-01-19,"THEME|Uranium & Nuclear, THEME|Shipping, THEME|Biotech"
2024-01-26,"THEME|Semiconductors, THEME|Uranium & Nuclear, THEME|Shipping"
2024-02-02,"THEME|Uranium & Nuclear, THEME|Cybersecurity, THEME|Semiconductors"
2024-02-09,"THEME|Cybersecurity, THEME|Semiconductors, THEME|Uranium & Nuclear"
2024-02-16,"THEME|Blockchain & Crypto, THEME|Semiconductors, THEME|Cybersecurity"
2024-02-23,"THEME|Blockchain & Crypto, THEME|Biotech, THEME|Semiconductors"
2024-03-01,"THEME|Blockchain & Crypto, THEME|Biotech, THEME|Semiconductors"
2024-03-08,"THEME|Blockchain & Crypto, THEME|Semiconductors, THEME|Biotech"
2024-03-15,"THEME|Gold & Precious Metals Miners, THEME|Blockchain & Crypto, THEME|Semiconductors"
2024-03-22,"THEME|Blockchain & Crypto, THEME|Gold & Precious Metals Miners, THEME|Semiconductors"
2024-03-28,"THEME|Blockchain & Crypto, THEME|Gold & Precious Metals Miners, THEME|Semiconductors"
2024-04-05,"THEME|Gold & Precious Metals Miners, THEME|Blockchain & Crypto, THEME|Semiconductors"
2024-04-12,"THEME|Gold & Precious Metals Miners, THEME|Energy Producers, THEME|Semiconductors"
2024-04-19,"THEME|Gold & Precious Metals Miners, THEME|Food & Beverage, THEME|Energy Producers"
2024-04-26,"THEME|Gold & Precious Metals Miners, THEME|Food & Beverage, THEME|Energy Producers"
2024-05-03,"THEME|Shipping, THEME|Gold & Precious Metals Miners, THEME|Uranium & Nuclear"
2024-05-10,"THEME|Shipping, THEME|Gold & Precious Metals Miners, THEME|Uranium & Nuclear"
2024-05-17,"THEME|Shipping, THEME|Gold & Precious Metals Miners, THEME|Uranium & Nuclear"
2024-05-24,"THEME|Shipping, THEME|Uranium & Nuclear, THEME|Gold & Precious Metals Miners"
2024-05-31,"THEME|Shipping, THEME|Uranium & Nuclear, THEME|Gold & Precious Metals Miners"
2024-06-07,"THEME|Shipping, THEME|Blockchain & Crypto, THEME|Semiconductors"
2024-06-14,"THEME|Semiconductors, THEME|Blockchain & Crypto, THEME|Shipping"
2024-06-21,"THEME|Semiconductors, THEME|Blockchain & Crypto, THEME|Shipping"
2024-06-28,"THEME|Shipping, THEME|Semiconductors, THEME|Blockchain & Crypto"
2024-07-05,"THEME|Shipping, THEME|Semiconductors, THEME|Blockchain & Crypto"
2024-07-12,"THEME|Gold & Precious Metals Miners, THEME|Semiconductors, THEME|Blockchain & Crypto"
2024-07-19,"THEME|Blockchain & Crypto, THEME|Gold & Precious Metals Miners, THEME|Biotech"
2024-07-26,"THEME|Blockchain & Crypto, THEME|Biotech, THEME|Gold & Precious Metals Miners"
2024-08-02,"THEME|Healthcare Providers, THEME|Biotech, THEME|Gold & Precious Metals Miners"
2024-08-09,"THEME|Defense, THEME|Healthcare Providers, THEME|Gold & Precious Metals Miners"
2024-08-16,"THEME|Gold & Precious Metals Miners, THEME|Defense, THEME|Healthcare Providers"
2024-08-23,"THEME|Gold & Precious Metals Miners, THEME|Space, THEME|Cybersecurity"
2024-08-30,"THEME|Gold & Precious Metals Miners, THEME|Space, THEME|Cybersecurity"
2024-09-06,"THEME|Insurance, THEME|Space, THEME|Gold & Precious Metals Miners"
2024-09-13,"THEME|Gold & Precious Metals Miners, THEME|Insurance, THEME|Space"
2024-09-20,"THEME|Gold & Precious Metals Miners, THEME|Space, THEME|Insurance"
2024-09-27,"THEME|Uranium & Nuclear, THEME|Gold & Precious Metals Miners, THEME|Insurance"
2024-10-04,"THEME|Uranium & Nuclear, THEME|Insurance, THEME|Gold & Precious Metals Miners"
2024-10-11,"THEME|Lithium & Battery, THEME|Uranium & Nuclear, THEME|Insurance"
2024-10-18,"THEME|Uranium & Nuclear, THEME|Blockchain & Crypto, THEME|Insurance"
2024-10-25,"THEME|Uranium & Nuclear, THEME|Blockchain & Crypto, THEME|Insurance"
2024-11-01,"THEME|Blockchain & Crypto, THEME|Lithium & Battery, THEME|Uranium & Nuclear"
2024-11-08,"THEME|Blockchain & Crypto, THEME|Space, THEME|Lithium & Battery"
2024-11-15,"THEME|Blockchain & Crypto, THEME|Space, THEME|Lithium & Battery"
2024-11-22,"THEME|Blockchain & Crypto, THEME|Space, THEME|Lithium & Battery"
2024-11-29,"THEME|Space, THEME|Blockchain & Crypto, THEME|Quantum Computing"
2024-12-06,"THEME|Quantum Computing, THEME|Blockchain & Crypto, THEME|Space"
2024-12-13,"THEME|Quantum Computing, THEME|Blockchain & Crypto, THEME|Space"
2024-12-20,"THEME|Quantum Computing, THEME|Space, THEME|Blockchain & Crypto"
2024-12-27,"THEME|Quantum Computing, THEME|Space, THEME|Blockchain & Crypto"
2025-01-03,"THEME|Quantum Computing, THEME|Space, THEME|Cybersecurity"
2025-01-10,"THEME|Space, THEME|Quantum Computing, THEME|Cybersecurity"
2025-01-17,"THEME|Energy Producers, THEME|Blockchain & Crypto, THEME|Quantum Computing"
2025-01-24,"THEME|Blockchain & Crypto, THEME|Space, THEME|Quantum Computing"
2025-01-31,"THEME|Space, THEME|Blockchain & Crypto, THEME|Quantum Computing"
2025-02-07,"THEME|Space, THEME|Quantum Computing, THEME|Blockchain & Crypto"
2025-02-14,"THEME|Space, THEME|Blockchain & Crypto, THEME|Quantum Computing"
2025-02-21,"THEME|Data Centers & Digital Infra, THEME|Quantum Computing, THEME|Gold & Precious Metals Miners"
2025-02-28,"THEME|Data Centers & Digital Infra, THEME|Gold & Precious Metals Miners, THEME|Quantum Computing"
2025-03-07,"THEME|Insurance, THEME|Gold & Precious Metals Miners, THEME|Data Centers & Digital Infra"
2025-03-14,"THEME|Gold & Precious Metals Miners, THEME|Insurance, THEME|Data Centers & Digital Infra"
2025-03-21,"THEME|Gold & Precious Metals Miners, THEME|Energy Producers, THEME|Insurance"
2025-03-28,"THEME|Gold & Precious Metals Miners, THEME|Energy Producers, THEME|Insurance"
2025-04-04,"THEME|Gold & Precious Metals Miners, THEME|Insurance, THEME|Energy Producers"
2025-04-11,"THEME|Gold & Precious Metals Miners, THEME|Healthcare Providers, THEME|Insurance"
2025-04-17,"THEME|Gold & Precious Metals Miners, THEME|Healthcare Providers, THEME|Insurance"
2025-04-25,"THEME|Gold & Precious Metals Miners, THEME|Blockchain & Crypto, THEME|Clean Energy"
2025-05-02,"THEME|Blockchain & Crypto, THEME|Defense, THEME|Clean Energy"
2025-05-09,"THEME|Uranium & Nuclear, THEME|Defense, THEME|Blockchain & Crypto"
2025-05-16,"THEME|Blockchain & Crypto, THEME|Defense, THEME|Uranium & Nuclear"
2025-05-23,"THEME|Blockchain & Crypto, THEME|Uranium & Nuclear, THEME|Defense"
2025-05-30,"THEME|Uranium & Nuclear, THEME|Blockchain & Crypto, THEME|Defense"
2025-06-06,"THEME|Uranium & Nuclear, THEME|Blockchain & Crypto, THEME|Defense"
2025-06-13,"THEME|Uranium & Nuclear, THEME|Blockchain & Crypto, THEME|Defense"
2025-06-20,"THEME|Uranium & Nuclear, THEME|Energy Producers, THEME|Defense"
2025-06-27,"THEME|Space, THEME|Uranium & Nuclear, THEME|Defense"
2025-07-03,"THEME|Space, THEME|Uranium & Nuclear, THEME|Defense"
2025-07-11,"THEME|Space, THEME|Defense, THEME|Uranium & Nuclear"
2025-07-18,"THEME|Space, THEME|Uranium & Nuclear, THEME|Defense"
2025-07-25,"THEME|Uranium & Nuclear, THEME|Defense, THEME|Space"
2025-08-01,"THEME|Defense, THEME|Uranium & Nuclear, THEME|Gold & Precious Metals Miners"
2025-08-08,"THEME|Gold & Precious Metals Miners, THEME|Uranium & Nuclear, THEME|Defense"
2025-08-15,"THEME|Lithium & Battery, THEME|Gold & Precious Metals Miners, THEME|Uranium & Nuclear"
2025-08-22,"THEME|Lithium & Battery, THEME|Blockchain & Crypto, THEME|Gold & Precious Metals Miners"
2025-08-29,"THEME|Gold & Precious Metals Miners, THEME|Lithium & Battery, THEME|Blockchain & Crypto"
2025-09-05,"THEME|Gold & Precious Metals Miners, THEME|Lithium & Battery, THEME|Blockchain & Crypto"
2025-09-12,"THEME|Gold & Precious Metals Miners, THEME|Blockchain & Crypto, THEME|Lithium & Battery"
2025-09-19,"THEME|Blockchain & Crypto, THEME|Gold & Precious Metals Miners, THEME|Lithium & Battery"
2025-09-26,"THEME|Gold & Precious Metals Miners, THEME|Lithium & Battery, THEME|Blockchain & Crypto"
2025-10-03,"THEME|Gold & Precious Metals Miners, THEME|Lithium & Battery, THEME|Blockchain & Crypto"
2025-10-10,"THEME|Blockchain & Crypto, THEME|Gold & Precious Metals Miners, THEME|Lithium & Battery"
2025-10-17,"THEME|Uranium & Nuclear, THEME|Gold & Precious Metals Miners, THEME|Blockchain & Crypto"
2025-10-24,"THEME|Space, THEME|Uranium & Nuclear, THEME|Blockchain & Crypto"
2025-10-31,"THEME|Lithium & Battery, THEME|Uranium & Nuclear, THEME|Semiconductors"
2025-11-07,"THEME|Lithium & Battery, THEME|Semiconductors, THEME|Uranium & Nuclear"
2025-11-14,"THEME|Lithium & Battery, THEME|Gold & Precious Metals Miners, THEME|Semiconductors"
2025-11-21,"THEME|Biotech, THEME|Lithium & Battery, THEME|Gold & Precious Metals Miners"
2025-11-28,"THEME|Biotech, THEME|Gold & Precious Metals Miners, THEME|Lithium & Battery"
2025-12-05,"THEME|Biotech, THEME|Gold & Precious Metals Miners, THEME|Lithium & Battery"
2025-12-12,"THEME|Gold & Precious Metals Miners, THEME|Lithium & Battery, THEME|Biotech"
2025-12-19,"THEME|Gold & Precious Metals Miners, THEME|Biotech, THEME|Lithium & Battery"
2025-12-26,"THEME|Gold & Precious Metals Miners, THEME|Lithium & Battery, THEME|Biotech"
2026-01-02,"THEME|Lithium & Battery, THEME|Gold & Precious Metals Miners, THEME|Biotech"
2026-01-09,"THEME|Space, THEME|Gold & Precious Metals Miners, THEME|Lithium & Battery"
2026-01-16,"THEME|Space, THEME|Gold & Precious Metals Miners, THEME|Lithium & Battery"
2026-01-23,"THEME|Gold & Precious Metals Miners, THEME|Space, THEME|Lithium & Battery"
2026-01-30,"THEME|Space, THEME|Gold & Precious Metals Miners, THEME|Lithium & Battery"
2026-02-06,"THEME|Data Centers & Digital Infra, THEME|Energy Producers, THEME|Gold & Precious Metals Miners"
2026-02-13,"THEME|Data Centers & Digital Infra, THEME|Energy Producers, THEME|Gold & Precious Metals Miners"
2026-02-20,"THEME|Gold & Precious Metals Miners, THEME|Data Centers & Digital Infra, THEME|Energy Producers"
2026-02-27,"THEME|Gold & Precious Metals Miners, THEME|Energy Producers, THEME|Data Centers & Digital Infra"
2026-03-06,"THEME|Energy Producers, THEME|Gold & Precious Metals Miners, THEME|Data Centers & Digital Infra"
2026-03-13,"THEME|Energy Producers, THEME|Space, THEME|Data Centers & Digital Infra"
2026-03-20,"THEME|Energy Producers, THEME|Space, THEME|Data Centers & Digital Infra"
2026-03-27,"THEME|Energy Producers, THEME|Shipping, THEME|Space"
2026-04-02,"THEME|Energy Producers, THEME|Shipping, THEME|Space"
2026-04-10,"THEME|Space, THEME|Semiconductors, THEME|Shipping"
2026-04-17,"THEME|Semiconductors, THEME|Space, THEME|Lithium & Battery"
2026-04-24,"THEME|Semiconductors, THEME|Lithium & Battery, THEME|Space"
2026-05-01,"THEME|Semiconductors, THEME|Lithium & Battery, THEME|Quantum Computing"
2026-05-08,"THEME|Semiconductors, THEME|Quantum Computing, THEME|Lithium & Battery"
2026-05-15,"THEME|Semiconductors, THEME|Cybersecurity, THEME|Quantum Computing"
2026-05-22,"THEME|Semiconductors, THEME|Cybersecurity, THEME|Quantum Computing"
2026-05-29,"THEME|Semiconductors, THEME|Quantum Computing, THEME|Cybersecurity"
2026-06-05,"THEME|Semiconductors, THEME|Quantum Computing, THEME|Cybersecurity"
2026-06-12,"THEME|Semiconductors, THEME|Quantum Computing, THEME|Cybersecurity"
2026-06-18,"THEME|Semiconductors, THEME|Quantum Computing, THEME|Healthcare Providers"
2026-06-26,"THEME|Semiconductors, THEME|Quantum Computing, THEME|Healthcare Providers"
2026-07-02,"THEME|Healthcare Providers, THEME|Semiconductors, THEME|Quantum Computing"
2026-07-10,"THEME|Cybersecurity, THEME|Healthcare Providers, THEME|Semiconductors"
2026-07-17,"THEME|Energy Producers, THEME|Cybersecurity, THEME|Healthcare Providers"
2026-07-24,"THEME|Energy Producers, THEME|Healthcare Providers, THEME|Cybersecurity"
2026-07-31,"THEME|Energy Producers, THEME|Healthcare Providers, THEME|Cybersecurity"
